ID,Macrocycle_Free_Amide_Ratio,Peptidic_Type
MC-0001,0.143,Non
MC-0002,0.143,Non
MC-0003,0.333,Semi
MC-0004,0.333,Semi
MC-0005,0.333,Semi
MC-0006,0.333,Semi
MC-0007,0.333,Semi
MC-0008,0.333,Semi
MC-0009,0.333,Semi
MC-0010,0.333,Semi
MC-0011,0.333,Semi
MC-0012,0.222,Non
MC-0013,0.222,Non
MC-0014,0.222,Non
MC-0015,0.222,Non
MC-0016,0.333,Semi
MC-0017,0.222,Non
MC-0018,0.222,Non
MC-0019,0.222,Non
MC-0020,0.333,Semi
MC-0021,0.222,Non
MC-0022,0.333,Semi
MC-0023,0.222,Non
MC-0024,0.222,Non
MC-0025,0.333,Semi
MC-0026,0.222,Non
MC-0027,0.222,Non
MC-0028,0.4,Semi
MC-0029,0.429,Semi
MC-0030,0.429,Semi
MC-0031,0.4,Semi
MC-0032,0.143,Non
MC-0033,0,Non
MC-0034,0,Non
MC-0035,0,Non
MC-0036,0,Non
MC-0037,0,Non
MC-0038,0,Non
MC-0039,0,Non
MC-0040,0,Non
MC-0041,0,Non
MC-0042,0,Non
MC-0043,0,Non
MC-0044,0,Non
MC-0045,0,Non
MC-0046,0,Non
MC-0047,0,Non
MC-0048,0,Non
MC-0049,0,Non
MC-0050,0,Non
MC-0051,0,Non
MC-0052,0,Non
MC-0053,0,Non
MC-0054,0,Non
MC-0055,0,Non
MC-0056,0,Non
MC-0057,0,Non
MC-0058,0,Non
MC-0059,0,Non
MC-0060,0,Non
MC-0061,0,Non
MC-0062,0,Non
MC-0063,0,Non
MC-0064,0,Non
MC-0065,0,Non
MC-0066,0,Non
MC-0067,0,Non
MC-0068,0,Non
MC-0069,0,Non
MC-0070,0,Non
MC-0071,0,Non
MC-0072,0,Non
MC-0073,0,Non
MC-0074,0,Non
MC-0075,0,Non
MC-0076,0,Non
MC-0077,0,Non
MC-0078,0,Non
MC-0079,0,Non
MC-0080,0,Non
MC-0081,0,Non
MC-0082,0,Non
MC-0083,0,Non
MC-0084,0,Non
MC-0085,0,Non
MC-0086,0,Non
MC-0087,0,Non
MC-0088,0,Non
MC-0089,0,Non
MC-0090,0.556,Semi
MC-0091,0.444,Semi
MC-0092,0.444,Semi
MC-0093,0.444,Semi
MC-0094,0.333,Semi
MC-0095,0.333,Semi
MC-0096,0.333,Semi
MC-0097,0.222,Non
MC-0098,0.222,Non
MC-0099,0.222,Non
MC-0100,0.222,Non
MC-0101,0,Non
MC-0102,0.118,Non
MC-0103,0,Non
MC-0104,0.182,Non
MC-0105,0,Non
MC-0106,0.111,Non
MC-0107,0.211,Non
MC-0108,0,Non
MC-0109,0.211,Non
MC-0110,0,Non
MC-0111,0,Non
MC-0112,0,Non
MC-0113,0.111,Non
MC-0114,0,Non
MC-0115,0,Non
MC-0116,0,Non
MC-0117,0.375,Semi
MC-0118,0.303,Semi
MC-0119,0.303,Semi
MC-0120,0.303,Semi
MC-0121,0.303,Semi
MC-0122,0.303,Semi
MC-0123,0.364,Semi
MC-0124,0.581,Semi
MC-0125,0.316,Semi
MC-0126,0.211,Non
MC-0127,0.211,Non
MC-0128,0.211,Non
MC-0129,0.211,Non
MC-0130,0.211,Non
MC-0131,0.174,Non
MC-0132,0.111,Non
MC-0133,0,Non
MC-0134,0,Non
MC-0135,0.111,Non
MC-0136,0,Non
MC-0137,0.222,Non
MC-0138,0.222,Non
MC-0139,0.235,Non
MC-0140,0.364,Semi
MC-0141,0.333,Semi
MC-0142,0.5,Semi
MC-0143,0.267,Non
MC-0144,0.333,Semi
MC-0145,0.333,Semi
MC-0146,0.381,Semi
MC-0147,0.167,Non
MC-0148,0.167,Non
MC-0149,0.167,Non
MC-0150,0.167,Non
MC-0151,0,Non
MC-0152,0,Non
MC-0153,0,Non
MC-0154,0.308,Semi
MC-0155,0,Non
MC-0156,0.308,Semi
MC-0157,0.308,Semi
MC-0158,0.308,Semi
MC-0159,0.308,Semi
MC-0160,0.267,Non
MC-0161,0,Non
MC-0162,0,Non
MC-0163,0.308,Semi
MC-0164,0.133,Non
MC-0165,0.154,Non
MC-0166,0,Non
MC-0167,0.267,Non
MC-0168,0,Non
MC-0169,0,Non
MC-0170,0,Non
MC-0171,0.286,Non
MC-0172,0,Non
MC-0173,0,Non
MC-0174,0,Non
MC-0175,0,Non
MC-0176,0,Non
MC-0177,0,Non
MC-0178,0,Non
MC-0179,0,Non
MC-0180,0.286,Non
MC-0181,0,Non
MC-0182,0.267,Non
MC-0183,0.286,Non
MC-0184,0,Non
MC-0185,0.267,Non
MC-0186,0.308,Semi
MC-0187,0.444,Semi
MC-0188,0.154,Non
MC-0189,0.154,Non
MC-0190,0.267,Non
MC-0191,0,Non
MC-0192,0.286,Non
MC-0193,0.267,Non
MC-0194,0.286,Non
MC-0195,0.154,Non
MC-0196,0.143,Non
MC-0197,0,Non
MC-0198,0.308,Semi
MC-0199,0.154,Non
MC-0200,0,Non
MC-0201,0.286,Non
MC-0202,0,Non
MC-0203,0,Non
MC-0204,0,Non
MC-0205,0,Non
MC-0206,0.133,Non
MC-0207,0,Non
MC-0208,0,Non
MC-0209,0,Non
MC-0210,0,Non
MC-0211,0.286,Non
MC-0212,0,Non
MC-0213,0.154,Non
MC-0214,0.308,Semi
MC-0215,0,Non
MC-0216,0,Non
MC-0217,0,Non
MC-0218,0,Non
MC-0219,0.267,Non
MC-0220,0.154,Non
MC-0221,0,Non
MC-0222,0.286,Non
MC-0223,0,Non
MC-0224,0,Non
MC-0225,0,Non
MC-0226,0.429,Semi
MC-0227,0.429,Semi
MC-0228,0,Non
MC-0229,0,Non
MC-0230,0,Non
MC-0231,0.267,Non
MC-0232,0,Non
MC-0233,0.154,Non
MC-0234,0,Non
MC-0235,0,Non
MC-0236,0.154,Non
MC-0237,0.154,Non
MC-0238,0,Non
MC-0239,0.267,Non
MC-0240,0,Non
MC-0241,0,Non
MC-0242,0,Non
MC-0243,0,Non
MC-0244,0,Non
MC-0245,0,Non
MC-0246,0,Non
MC-0247,0.286,Non
MC-0248,0,Non
MC-0249,0,Non
MC-0250,0,Non
MC-0251,0,Non
MC-0252,0,Non
MC-0253,0.286,Non
MC-0254,0,Non
MC-0255,0,Non
MC-0256,0,Non
MC-0257,0,Non
MC-0258,0.429,Semi
MC-0259,0,Non
MC-0260,0,Non
MC-0261,0.286,Non
MC-0262,0,Non
MC-0263,0,Non
MC-0264,0.286,Non
MC-0265,0.286,Non
MC-0266,0.308,Semi
MC-0267,0,Non
MC-0268,0,Non
MC-0269,0.4,Semi
MC-0270,0,Non
MC-0271,0,Non
MC-0272,0.308,Semi
MC-0273,0,Non
MC-0274,0,Non
MC-0275,0.267,Non
MC-0276,0,Non
MC-0277,0,Non
MC-0278,0,Non
MC-0279,0,Non
MC-0280,0,Non
MC-0281,0.267,Non
MC-0282,0,Non
MC-0283,0,Non
MC-0284,0,Non
MC-0285,0.286,Non
MC-0286,0.286,Non
MC-0287,0,Non
MC-0288,0,Non
MC-0289,0,Non
MC-0290,0.286,Non
MC-0291,0,Non
MC-0292,0,Non
MC-0293,0,Non
MC-0294,0,Non
MC-0295,0,Non
MC-0296,0.154,Non
MC-0297,0,Non
MC-0298,0,Non
MC-0299,0,Non
MC-0300,0,Non
MC-0301,0,Non
MC-0302,0,Non
MC-0303,0,Non
MC-0304,0,Non
MC-0305,0,Non
MC-0306,0.267,Non
MC-0307,0,Non
MC-0308,0,Non
MC-0309,0,Non
MC-0310,0,Non
MC-0311,0,Non
MC-0312,0,Non
MC-0313,0.154,Non
MC-0314,0,Non
MC-0315,0,Non
MC-0316,0,Non
MC-0317,0,Non
MC-0318,0,Non
MC-0319,0.286,Non
MC-0320,0.286,Non
MC-0321,0,Non
MC-0322,0,Non
MC-0323,0.154,Non
MC-0324,0.429,Semi
MC-0325,0,Non
MC-0326,0.429,Semi
MC-0327,0,Non
MC-0328,0.154,Non
MC-0329,0,Non
MC-0330,0.286,Non
MC-0331,0,Non
MC-0332,0,Non
MC-0333,0.4,Semi
MC-0334,0.286,Non
MC-0335,0,Non
MC-0336,0.353,Semi
MC-0337,0,Non
MC-0338,0,Non
MC-0339,0,Non
MC-0340,0,Non
MC-0341,0.4,Semi
MC-0342,0,Non
MC-0343,0,Non
MC-0344,0,Non
MC-0345,0,Non
MC-0346,0,Non
MC-0347,0.154,Non
MC-0348,0.154,Non
MC-0349,0,Non
MC-0350,0,Non
MC-0351,0,Non
MC-0352,0,Non
MC-0353,0.429,Semi
MC-0354,0,Non
MC-0355,0.267,Non
MC-0356,0,Non
MC-0357,0,Non
MC-0358,0,Non
MC-0359,0,Non
MC-0360,0.154,Non
MC-0361,0,Non
MC-0362,0,Non
MC-0363,0,Non
MC-0364,0,Non
MC-0365,0.154,Non
MC-0366,0.286,Non
MC-0367,0,Non
MC-0368,0,Non
MC-0369,0,Non
MC-0370,0,Non
MC-0371,0,Non
MC-0372,0,Non
MC-0373,0,Non
MC-0374,0.154,Non
MC-0375,0.286,Non
MC-0376,0,Non
MC-0377,0,Non
MC-0378,0,Non
MC-0379,0,Non
MC-0380,0,Non
MC-0381,0,Non
MC-0382,0,Non
MC-0383,0,Non
MC-0384,0.143,Non
MC-0385,0,Non
MC-0386,0.286,Non
MC-0387,0.286,Non
MC-0388,0,Non
MC-0389,0.167,Non
MC-0390,0,Non
MC-0391,0.333,Semi
MC-0392,0,Non
MC-0393,0,Non
MC-0394,0,Non
MC-0395,0,Non
MC-0396,0,Non
MC-0397,0,Non
MC-0398,0,Non
MC-0399,0,Non
MC-0400,0,Non
MC-0401,0.267,Non
MC-0402,0,Non
MC-0403,0,Non
MC-0404,0.286,Non
MC-0405,0,Non
MC-0406,0,Non
MC-0407,0,Non
MC-0408,0.154,Non
MC-0409,0,Non
MC-0410,0,Non
MC-0411,0,Non
MC-0412,0,Non
MC-0413,0,Non
MC-0414,0,Non
MC-0415,0.267,Non
MC-0416,0,Non
MC-0417,0,Non
MC-0418,0,Non
MC-0419,0,Non
MC-0420,0,Non
MC-0421,0,Non
MC-0422,0,Non
MC-0423,0,Non
MC-0424,0.286,Non
MC-0425,0.4,Semi
MC-0426,0,Non
MC-0427,0,Non
MC-0428,0,Non
MC-0429,0,Non
MC-0430,0.267,Non
MC-0431,0,Non
MC-0432,0.133,Non
MC-0433,0,Non
MC-0434,0,Non
MC-0435,0,Non
MC-0436,0,Non
MC-0437,0.154,Non
MC-0438,0,Non
MC-0439,0,Non
MC-0440,0,Non
MC-0441,0,Non
MC-0442,0.308,Semi
MC-0443,0,Non
MC-0444,0,Non
MC-0445,0,Non
MC-0446,0.154,Non
MC-0447,0,Non
MC-0448,0,Non
MC-0449,0,Non
MC-0450,0.429,Semi
MC-0451,0.286,Non
MC-0452,0,Non
MC-0453,0,Non
MC-0454,0,Non
MC-0455,0,Non
MC-0456,0.429,Semi
MC-0457,0,Non
MC-0458,0.286,Non
MC-0459,0,Non
MC-0460,0,Non
MC-0461,0,Non
MC-0462,0,Non
MC-0463,0,Non
MC-0464,0,Non
MC-0465,0,Non
MC-0466,0,Non
MC-0467,0.133,Non
MC-0468,0,Non
MC-0469,0,Non
MC-0470,0,Non
MC-0471,0,Non
MC-0472,0.267,Non
MC-0473,0.286,Non
MC-0474,0,Non
MC-0475,0.267,Non
MC-0476,0,Non
MC-0477,0.286,Non
MC-0478,0,Non
MC-0479,0.267,Non
MC-0480,0,Non
MC-0481,0,Non
MC-0482,0,Non
MC-0483,0,Non
MC-0484,0,Non
MC-0485,0,Non
MC-0486,0.308,Semi
MC-0487,0,Non
MC-0488,0,Non
MC-0489,0.353,Semi
MC-0490,0,Non
MC-0491,0.167,Non
MC-0492,0,Non
MC-0493,0,Non
MC-0494,0.154,Non
MC-0495,0,Non
MC-0496,0.286,Non
MC-0497,0,Non
MC-0498,0,Non
MC-0499,0,Non
MC-0500,0,Non
MC-0501,0.286,Non
MC-0502,0,Non
MC-0503,0,Non
MC-0504,0,Non
MC-0505,0.286,Non
MC-0506,0,Non
MC-0507,0.286,Non
MC-0508,0,Non
MC-0509,0.286,Non
MC-0510,0,Non
MC-0511,0.286,Non
MC-0512,0,Non
MC-0513,0,Non
MC-0514,0,Non
MC-0515,0,Non
MC-0516,0,Non
MC-0517,0,Non
MC-0518,0.267,Non
MC-0519,0,Non
MC-0520,0.133,Non
MC-0521,0.267,Non
MC-0522,0,Non
MC-0523,0.286,Non
MC-0524,0,Non
MC-0525,0,Non
MC-0526,0,Non
MC-0527,0,Non
MC-0528,0,Non
MC-0529,0.308,Semi
MC-0530,0,Non
MC-0531,0,Non
MC-0532,0,Non
MC-0533,0,Non
MC-0534,0,Non
MC-0535,0,Non
MC-0536,0,Non
MC-0537,0,Non
MC-0538,0,Non
MC-0539,0,Non
MC-0540,0.4,Semi
MC-0541,0,Non
MC-0542,0.267,Non
MC-0543,0,Non
MC-0544,0,Non
MC-0545,0,Non
MC-0546,0.333,Semi
MC-0547,0,Non
MC-0548,0,Non
MC-0549,0,Non
MC-0550,0,Non
MC-0551,0.308,Semi
MC-0552,0,Non
MC-0553,0.267,Non
MC-0554,0,Non
MC-0555,0.286,Non
MC-0556,0,Non
MC-0557,0,Non
MC-0558,0,Non
MC-0559,0,Non
MC-0560,0,Non
MC-0561,0,Non
MC-0562,0,Non
MC-0563,0,Non
MC-0564,0.308,Semi
MC-0565,0,Non
MC-0566,0.308,Semi
MC-0567,0,Non
MC-0568,0,Non
MC-0569,0,Non
MC-0570,0.308,Semi
MC-0571,0.4,Semi
MC-0572,0,Non
MC-0573,0.471,Semi
MC-0574,0,Non
MC-0575,0.267,Non
MC-0576,0,Non
MC-0577,0,Non
MC-0578,0,Non
MC-0579,0,Non
MC-0580,0,Non
MC-0581,0,Non
MC-0582,0,Non
MC-0583,0,Non
MC-0584,0,Non
MC-0585,0,Non
MC-0586,0.154,Non
MC-0587,0,Non
MC-0588,0,Non
MC-0589,0,Non
MC-0590,0,Non
MC-0591,0,Non
MC-0592,0,Non
MC-0593,0,Non
MC-0594,0,Non
MC-0595,0.267,Non
MC-0596,0,Non
MC-0597,0.167,Non
MC-0598,0,Non
MC-0599,0,Non
MC-0600,0,Non
MC-0601,0,Non
MC-0602,0,Non
MC-0603,0,Non
MC-0604,0,Non
MC-0605,0,Non
MC-0606,0,Non
MC-0607,0,Non
MC-0608,0,Non
MC-0609,0,Non
MC-0610,0.154,Non
MC-0611,0,Non
MC-0612,0,Non
MC-0613,0,Non
MC-0614,0,Non
MC-0615,0,Non
MC-0616,0,Non
MC-0617,0.286,Non
MC-0618,0,Non
MC-0619,0,Non
MC-0620,0.267,Non
MC-0621,0,Non
MC-0622,0,Non
MC-0623,0,Non
MC-0624,0,Non
MC-0625,0,Non
MC-0626,0.308,Semi
MC-0627,0,Non
MC-0628,0,Non
MC-0629,0,Non
MC-0630,0,Non
MC-0631,0,Non
MC-0632,0,Non
MC-0633,0.154,Non
MC-0634,0,Non
MC-0635,0,Non
MC-0636,0,Non
MC-0637,0,Non
MC-0638,0,Non
MC-0639,0,Non
MC-0640,0,Non
MC-0641,0,Non
MC-0642,0.308,Semi
MC-0643,0,Non
MC-0644,0.154,Non
MC-0645,0,Non
MC-0646,0,Non
MC-0647,0,Non
MC-0648,0,Non
MC-0649,0.308,Semi
MC-0650,0,Non
MC-0651,0,Non
MC-0652,0.267,Non
MC-0653,0,Non
MC-0654,0,Non
MC-0655,0.154,Non
MC-0656,0.167,Non
MC-0657,0.308,Semi
MC-0658,0,Non
MC-0659,0,Non
MC-0660,0,Non
MC-0661,0,Non
MC-0662,0,Non
MC-0663,0,Non
MC-0664,0,Non
MC-0665,0,Non
MC-0666,0.143,Non
MC-0667,0,Non
MC-0668,0.333,Semi
MC-0669,0,Non
MC-0670,0,Non
MC-0671,0,Non
MC-0672,0,Non
MC-0673,0,Non
MC-0674,0.308,Semi
MC-0675,0,Non
MC-0676,0.308,Semi
MC-0677,0,Non
MC-0678,0,Non
MC-0679,0,Non
MC-0680,0,Non
MC-0681,0,Non
MC-0682,0,Non
MC-0683,0,Non
MC-0684,0,Non
MC-0685,0,Non
MC-0686,0,Non
MC-0687,0,Non
MC-0688,0,Non
MC-0689,0,Non
MC-0690,0,Non
MC-0691,0.308,Semi
MC-0692,0,Non
MC-0693,0.167,Non
MC-0694,0,Non
MC-0695,0.222,Non
MC-0696,0,Non
MC-0697,0,Non
MC-0698,0,Non
MC-0699,0.133,Non
MC-0700,0,Non
MC-0701,0,Non
MC-0702,0,Non
MC-0703,0,Non
MC-0704,0,Non
MC-0705,0,Non
MC-0706,0,Non
MC-0707,0,Non
MC-0708,0.167,Non
MC-0709,0.167,Non
MC-0710,0,Non
MC-0711,0,Non
MC-0712,0,Non
MC-0713,0,Non
MC-0714,0,Non
MC-0715,0,Non
MC-0716,0,Non
MC-0717,0,Non
MC-0718,0.429,Semi
MC-0719,0,Non
MC-0720,0,Non
MC-0721,0,Non
MC-0722,0,Non
MC-0723,0,Non
MC-0724,0,Non
MC-0725,0.133,Non
MC-0726,0,Non
MC-0727,0,Non
MC-0728,0,Non
MC-0729,0,Non
MC-0730,0.154,Non
MC-0731,0,Non
MC-0732,0,Non
MC-0733,0,Non
MC-0734,0,Non
MC-0735,0,Non
MC-0736,0,Non
MC-0737,0,Non
MC-0738,0,Non
MC-0739,0,Non
MC-0740,0.133,Non
MC-0741,0,Non
MC-0742,0,Non
MC-0743,0,Non
MC-0744,0.167,Non
MC-0745,0,Non
MC-0746,0,Non
MC-0747,0,Non
MC-0748,0,Non
MC-0749,0.154,Non
MC-0750,0,Non
MC-0751,0,Non
MC-0752,0,Non
MC-0753,0,Non
MC-0754,0,Non
MC-0755,0,Non
MC-0756,0.267,Non
MC-0757,0.267,Non
MC-0758,0,Non
MC-0759,0,Non
MC-0760,0,Non
MC-0761,0,Non
MC-0762,0,Non
MC-0763,0.133,Non
MC-0764,0,Non
MC-0765,0.154,Non
MC-0766,0,Non
MC-0767,0,Non
MC-0768,0,Non
MC-0769,0,Non
MC-0770,0.133,Non
MC-0771,0,Non
MC-0772,0,Non
MC-0773,0,Non
MC-0774,0,Non
MC-0775,0,Non
MC-0776,0,Non
MC-0777,0,Non
MC-0778,0,Non
MC-0779,0.133,Non
MC-0780,0,Non
MC-0781,0.143,Non
MC-0782,0.267,Non
MC-0783,0,Non
MC-0784,0,Non
MC-0785,0.133,Non
MC-0786,0,Non
MC-0787,0,Non
MC-0788,0,Non
MC-0789,0.154,Non
MC-0790,0,Non
MC-0791,0,Non
MC-0792,0,Non
MC-0793,0,Non
MC-0794,0,Non
MC-0795,0,Non
MC-0796,0,Non
MC-0797,0,Non
MC-0798,0,Non
MC-0799,0,Non
MC-0800,0.222,Non
MC-0801,0,Non
MC-0802,0,Non
MC-0803,0,Non
MC-0804,0,Non
MC-0805,0,Non
MC-0806,0.444,Semi
MC-0807,0,Non
MC-0808,0,Non
MC-0809,0,Non
MC-0810,0,Non
MC-0811,0,Non
MC-0812,0.308,Semi
MC-0813,0,Non
MC-0814,0.429,Semi
MC-0815,0,Non
MC-0816,0,Non
MC-0817,0,Non
MC-0818,0,Non
MC-0819,0,Non
MC-0820,0,Non
MC-0821,0,Non
MC-0822,0,Non
MC-0823,0,Non
MC-0824,0,Non
MC-0825,0,Non
MC-0826,0,Non
MC-0827,0.133,Non
MC-0828,0.286,Non
MC-0829,0,Non
MC-0830,0,Non
MC-0831,0.429,Semi
MC-0832,0,Non
MC-0833,0,Non
MC-0834,0.154,Non
MC-0835,0,Non
MC-0836,0,Non
MC-0837,0,Non
MC-0838,0,Non
MC-0839,0,Non
MC-0840,0.308,Semi
MC-0841,0.308,Semi
MC-0842,0,Non
MC-0843,0,Non
MC-0844,0,Non
MC-0845,0,Non
MC-0846,0,Non
MC-0847,0,Non
MC-0848,0,Non
MC-0849,0.286,Non
MC-0850,0,Non
MC-0851,0,Non
MC-0852,0,Non
MC-0853,0,Non
MC-0854,0,Non
MC-0855,0,Non
MC-0856,0,Non
MC-0857,0,Non
MC-0858,0.154,Non
MC-0859,0,Non
MC-0860,0,Non
MC-0861,0,Non
MC-0862,0,Non
MC-0863,0,Non
MC-0864,0,Non
MC-0865,0,Non
MC-0866,0,Non
MC-0867,0,Non
MC-0868,0.133,Non
MC-0869,0,Non
MC-0870,0,Non
MC-0871,0.133,Non
MC-0872,0.286,Non
MC-0873,0,Non
MC-0874,0.167,Non
MC-0875,0.167,Non
MC-0876,0.154,Non
MC-0877,0,Non
MC-0878,0,Non
MC-0879,0,Non
MC-0880,0,Non
MC-0881,0,Non
MC-0882,0,Non
MC-0883,0,Non
MC-0884,0.133,Non
MC-0885,0,Non
MC-0886,0.154,Non
MC-0887,0,Non
MC-0888,0,Non
MC-0889,0,Non
MC-0890,0.154,Non
MC-0891,0,Non
MC-0892,0,Non
MC-0893,0,Non
MC-0894,0,Non
MC-0895,0.267,Non
MC-0896,0.444,Semi
MC-0897,0,Non
MC-0898,0,Non
MC-0899,0,Non
MC-0900,0,Non
MC-0901,0,Non
MC-0902,0,Non
MC-0903,0,Non
MC-0904,0,Non
MC-0905,0,Non
MC-0906,0,Non
MC-0907,0,Non
MC-0908,0,Non
MC-0909,0,Non
MC-0910,0,Non
MC-0911,0,Non
MC-0912,0,Non
MC-0913,0,Non
MC-0914,0,Non
MC-0915,0.133,Non
MC-0916,0,Non
MC-0917,0,Non
MC-0918,0.308,Semi
MC-0919,0.154,Non
MC-0920,0.143,Non
MC-0921,0,Non
MC-0922,0,Non
MC-0923,0,Non
MC-0924,0,Non
MC-0925,0,Non
MC-0926,0,Non
MC-0927,0,Non
MC-0928,0,Non
MC-0929,0,Non
MC-0930,0,Non
MC-0931,0,Non
MC-0932,0.267,Non
MC-0933,0,Non
MC-0934,0.267,Non
MC-0935,0,Non
MC-0936,0,Non
MC-0937,0,Non
MC-0938,0.267,Non
MC-0939,0,Non
MC-0940,0.286,Non
MC-0941,0.308,Semi
MC-0942,0,Non
MC-0943,0,Non
MC-0944,0,Non
MC-0945,0,Non
MC-0946,0,Non
MC-0947,0.222,Non
MC-0948,0.222,Non
MC-0949,0.267,Non
MC-0950,0.143,Non
MC-0951,0.286,Non
MC-0952,0,Non
MC-0953,0,Non
MC-0954,0,Non
MC-0955,0,Non
MC-0956,0,Non
MC-0957,0,Non
MC-0958,0,Non
MC-0959,0,Non
MC-0960,0,Non
MC-0961,0,Non
MC-0962,0,Non
MC-0963,0,Non
MC-0964,0,Non
MC-0965,0,Non
MC-0966,0,Non
MC-0967,0.154,Non
MC-0968,0,Non
MC-0969,0.143,Non
MC-0970,0.167,Non
MC-0971,0.154,Non
MC-0972,0,Non
MC-0973,0,Non
MC-0974,0,Non
MC-0975,0,Non
MC-0976,0,Non
MC-0977,0,Non
MC-0978,0,Non
MC-0979,0.154,Non
MC-0980,0.143,Non
MC-0981,0,Non
MC-0982,0.267,Non
MC-0983,0.143,Non
MC-0984,0,Non
MC-0985,0,Non
MC-0986,0.154,Non
MC-0987,0.267,Non
MC-0988,0.143,Non
MC-0989,0.286,Non
MC-0990,0.429,Semi
MC-0991,0.267,Non
MC-0992,0.154,Non
MC-0993,0.2,Non
MC-0994,0.154,Non
MC-0995,0.154,Non
MC-0996,0.267,Non
MC-0997,0.286,Non
MC-0998,0.143,Non
MC-0999,0,Non
MC-1000,0,Non
MC-1001,0.267,Non
MC-1002,0,Non
MC-1003,0.167,Non
MC-1004,0.267,Non
MC-1005,0.429,Semi
MC-1006,0,Non
MC-1007,0,Non
MC-1008,0.286,Non
MC-1009,0.154,Non
MC-1010,0.429,Semi
MC-1011,0,Non
MC-1012,0,Non
MC-1013,0.286,Non
MC-1014,0.154,Non
MC-1015,0,Non
MC-1016,0.286,Non
MC-1017,0,Non
MC-1018,0.154,Non
MC-1019,0.267,Non
MC-1020,0.143,Non
MC-1021,0.154,Non
MC-1022,0.154,Non
MC-1023,0,Non
MC-1024,0.167,Non
MC-1025,0.154,Non
MC-1026,0.267,Non
MC-1027,0,Non
MC-1028,0,Non
MC-1029,0.286,Non
MC-1030,0.4,Semi
MC-1031,0,Non
MC-1032,0,Non
MC-1033,0,Non
MC-1034,0,Non
MC-1035,0,Non
MC-1036,0.143,Non
MC-1037,0.267,Non
MC-1038,0.267,Non
MC-1039,0,Non
MC-1040,0.154,Non
MC-1041,0.286,Non
MC-1042,0.286,Non
MC-1043,0,Non
MC-1044,0.167,Non
MC-1045,0.167,Non
MC-1046,0.167,Non
MC-1047,0,Non
MC-1048,0.286,Non
MC-1049,0.286,Non
MC-1050,0.154,Non
MC-1051,0,Non
MC-1052,0.154,Non
MC-1053,0,Non
MC-1054,0.133,Non
MC-1055,0.286,Non
MC-1056,0.133,Non
MC-1057,0.154,Non
MC-1058,0.154,Non
MC-1059,0,Non
MC-1060,0,Non
MC-1061,0,Non
MC-1062,0.267,Non
MC-1063,0,Non
MC-1064,0.267,Non
MC-1065,0,Non
MC-1066,0.167,Non
MC-1067,0.267,Non
MC-1068,0.235,Non
MC-1069,0.133,Non
MC-1070,0,Non
MC-1071,0.154,Non
MC-1072,0,Non
MC-1073,0,Non
MC-1074,0,Non
MC-1075,0.286,Non
MC-1076,0,Non
MC-1077,0,Non
MC-1078,0,Non
MC-1079,0,Non
MC-1080,0.154,Non
MC-1081,0,Non
MC-1082,0,Non
MC-1083,0.267,Non
MC-1084,0.286,Non
MC-1085,0.4,Semi
MC-1086,0.267,Non
MC-1087,0.267,Non
MC-1088,0,Non
MC-1089,0,Non
MC-1090,0.286,Non
MC-1091,0.154,Non
MC-1092,0.154,Non
MC-1093,0,Non
MC-1094,0,Non
MC-1095,0.286,Non
MC-1096,0,Non
MC-1097,0,Non
MC-1098,0.154,Non
MC-1099,0.286,Non
MC-1100,0,Non
MC-1101,0,Non
MC-1102,0.4,Semi
MC-1103,0,Non
MC-1104,0.286,Non
MC-1105,0,Non
MC-1106,0,Non
MC-1107,0.286,Non
MC-1108,0.286,Non
MC-1109,0,Non
MC-1110,0.154,Non
MC-1111,0.267,Non
MC-1112,0.286,Non
MC-1113,0.143,Non
MC-1114,0.286,Non
MC-1115,0.154,Non
MC-1116,0,Non
MC-1117,0,Non
MC-1118,0.267,Non
MC-1119,0,Non
MC-1120,0.4,Semi
MC-1121,0.267,Non
MC-1122,0.154,Non
MC-1123,0,Non
MC-1124,0.267,Non
MC-1125,0,Non
MC-1126,0.167,Non
MC-1127,0.267,Non
MC-1128,0,Non
MC-1129,0.154,Non
MC-1130,0,Non
MC-1131,0.167,Non
MC-1132,0,Non
MC-1133,0.267,Non
MC-1134,0.267,Non
MC-1135,0.286,Non
MC-1136,0.154,Non
MC-1137,0.286,Non
MC-1138,0.167,Non
MC-1139,0.316,Semi
MC-1140,0.154,Non
MC-1141,0.133,Non
MC-1142,0.154,Non
MC-1143,0.167,Non
MC-1144,0.267,Non
MC-1145,0.167,Non
MC-1146,0.286,Non
MC-1147,0.286,Non
MC-1148,0,Non
MC-1149,0,Non
MC-1150,0,Non
MC-1151,0,Non
MC-1152,0.267,Non
MC-1153,0,Non
MC-1154,0,Non
MC-1155,0.286,Non
MC-1156,0.286,Non
MC-1157,0.167,Non
MC-1158,0.286,Non
MC-1159,0,Non
MC-1160,0.267,Non
MC-1161,0.267,Non
MC-1162,0.267,Non
MC-1163,0.267,Non
MC-1164,0,Non
MC-1165,0,Non
MC-1166,0.167,Non
MC-1167,0.286,Non
MC-1168,0,Non
MC-1169,0.154,Non
MC-1170,0.167,Non
MC-1171,0,Non
MC-1172,0,Non
MC-1173,0.267,Non
MC-1174,0,Non
MC-1175,0.267,Non
MC-1176,0.154,Non
MC-1177,0.154,Non
MC-1178,0.267,Non
MC-1179,0.143,Non
MC-1180,0,Non
MC-1181,0,Non
MC-1182,0.167,Non
MC-1183,0.267,Non
MC-1184,0,Non
MC-1185,0,Non
MC-1186,0,Non
MC-1187,0.286,Non
MC-1188,0,Non
MC-1189,0,Non
MC-1190,0.286,Non
MC-1191,0.267,Non
MC-1192,0,Non
MC-1193,0.154,Non
MC-1194,0.167,Non
MC-1195,0.167,Non
MC-1196,0.267,Non
MC-1197,0.154,Non
MC-1198,0,Non
MC-1199,0,Non
MC-1200,0.267,Non
MC-1201,0,Non
MC-1202,0,Non
MC-1203,0.154,Non
MC-1204,0,Non
MC-1205,0.267,Non
MC-1206,0,Non
MC-1207,0.286,Non
MC-1208,0,Non
MC-1209,0.286,Non
MC-1210,0,Non
MC-1211,0.133,Non
MC-1212,0,Non
MC-1213,0.286,Non
MC-1214,0.154,Non
MC-1215,0.286,Non
MC-1216,0,Non
MC-1217,0.429,Semi
MC-1218,0.286,Non
MC-1219,0.167,Non
MC-1220,0.167,Non
MC-1221,0,Non
MC-1222,0.143,Non
MC-1223,0.167,Non
MC-1224,0,Non
MC-1225,0.154,Non
MC-1226,0.4,Semi
MC-1227,0.154,Non
MC-1228,0,Non
MC-1229,0.167,Non
MC-1230,0,Non
MC-1231,0,Non
MC-1232,0.167,Non
MC-1233,0,Non
MC-1234,0.154,Non
MC-1235,0.167,Non
MC-1236,0,Non
MC-1237,0,Non
MC-1238,0.4,Semi
MC-1239,0.154,Non
MC-1240,0,Non
MC-1241,0.154,Non
MC-1242,0.167,Non
MC-1243,0.286,Non
MC-1244,0.154,Non
MC-1245,0,Non
MC-1246,0,Non
MC-1247,0,Non
MC-1248,0,Non
MC-1249,0.167,Non
MC-1250,0,Non
MC-1251,0.154,Non
MC-1252,0,Non
MC-1253,0.154,Non
MC-1254,0.286,Non
MC-1255,0,Non
MC-1256,0.267,Non
MC-1257,0,Non
MC-1258,0.286,Non
MC-1259,0.154,Non
MC-1260,0.167,Non
MC-1261,0,Non
MC-1262,0.286,Non
MC-1263,0,Non
MC-1264,0.267,Non
MC-1265,0.167,Non
MC-1266,0.167,Non
MC-1267,0,Non
MC-1268,0,Non
MC-1269,0,Non
MC-1270,0,Non
MC-1271,0.4,Semi
MC-1272,0.267,Non
MC-1273,0.267,Non
MC-1274,0.4,Semi
MC-1275,0.286,Non
MC-1276,0,Non
MC-1277,0.167,Non
MC-1278,0.286,Non
MC-1279,0,Non
MC-1280,0,Non
MC-1281,0.167,Non
MC-1282,0.167,Non
MC-1283,0.429,Semi
MC-1284,0,Non
MC-1285,0.133,Non
MC-1286,0.286,Non
MC-1287,0.267,Non
MC-1288,0,Non
MC-1289,0.267,Non
MC-1290,0.154,Non
MC-1291,0.167,Non
MC-1292,0,Non
MC-1293,0.429,Semi
MC-1294,0,Non
MC-1295,0.267,Non
MC-1296,0,Non
MC-1297,0,Non
MC-1298,0.286,Non
MC-1299,0,Non
MC-1300,0,Non
MC-1301,0,Non
MC-1302,0.25,Non
MC-1303,0.154,Non
MC-1304,0.286,Non
MC-1305,0,Non
MC-1306,0,Non
MC-1307,0.286,Non
MC-1308,0.286,Non
MC-1309,0.154,Non
MC-1310,0.286,Non
MC-1311,0,Non
MC-1312,0,Non
MC-1313,0.286,Non
MC-1314,0,Non
MC-1315,0.286,Non
MC-1316,0.154,Non
MC-1317,0.286,Non
MC-1318,0.167,Non
MC-1319,0.267,Non
MC-1320,0.154,Non
MC-1321,0.143,Non
MC-1322,0,Non
MC-1323,0,Non
MC-1324,0,Non
MC-1325,0.133,Non
MC-1326,0,Non
MC-1327,0,Non
MC-1328,0,Non
MC-1329,0.4,Semi
MC-1330,0.154,Non
MC-1331,0.4,Semi
MC-1332,0.133,Non
MC-1333,0.154,Non
MC-1334,0,Non
MC-1335,0,Non
MC-1336,0.154,Non
MC-1337,0,Non
MC-1338,0,Non
MC-1339,0,Non
MC-1340,0.267,Non
MC-1341,0.267,Non
MC-1342,0.267,Non
MC-1343,0.133,Non
MC-1344,0,Non
MC-1345,0,Non
MC-1346,0.143,Non
MC-1347,0.4,Semi
MC-1348,0.167,Non
MC-1349,0.286,Non
MC-1350,0.143,Non
MC-1351,0.154,Non
MC-1352,0.267,Non
MC-1353,0,Non
MC-1354,0.267,Non
MC-1355,0.143,Non
MC-1356,0,Non
MC-1357,0.25,Non
MC-1358,0,Non
MC-1359,0.267,Non
MC-1360,0,Non
MC-1361,0.286,Non
MC-1362,0,Non
MC-1363,0.286,Non
MC-1364,0.154,Non
MC-1365,0.167,Non
MC-1366,0.154,Non
MC-1367,0,Non
MC-1368,0.143,Non
MC-1369,0,Non
MC-1370,0,Non
MC-1371,0.286,Non
MC-1372,0,Non
MC-1373,0.154,Non
MC-1374,0.143,Non
MC-1375,0.133,Non
MC-1376,0.429,Semi
MC-1377,0.308,Semi
MC-1378,0.286,Non
MC-1379,0.154,Non
MC-1380,0.133,Non
MC-1381,0.286,Non
MC-1382,0.267,Non
MC-1383,0.267,Non
MC-1384,0.154,Non
MC-1385,0.167,Non
MC-1386,0.286,Non
MC-1387,0.154,Non
MC-1388,0.154,Non
MC-1389,0.154,Non
MC-1390,0,Non
MC-1391,0,Non
MC-1392,0,Non
MC-1393,0,Non
MC-1394,0,Non
MC-1395,0.4,Semi
MC-1396,0.133,Non
MC-1397,0,Non
MC-1398,0.286,Non
MC-1399,0.286,Non
MC-1400,0,Non
MC-1401,0.143,Non
MC-1402,0,Non
MC-1403,0,Non
MC-1404,0.333,Semi
MC-1405,0,Non
MC-1406,0.154,Non
MC-1407,0.267,Non
MC-1408,0.267,Non
MC-1409,0,Non
MC-1410,0,Non
MC-1411,0.429,Semi
MC-1412,0.286,Non
MC-1413,0.143,Non
MC-1414,0,Non
MC-1415,0.267,Non
MC-1416,0.154,Non
MC-1417,0,Non
MC-1418,0.167,Non
MC-1419,0,Non
MC-1420,0.167,Non
MC-1421,0,Non
MC-1422,0.154,Non
MC-1423,0.429,Semi
MC-1424,0.286,Non
MC-1425,0,Non
MC-1426,0,Non
MC-1427,0,Non
MC-1428,0.286,Non
MC-1429,0.375,Semi
MC-1430,0,Non
MC-1431,0,Non
MC-1432,0.167,Non
MC-1433,0.154,Non
MC-1434,0,Non
MC-1435,0,Non
MC-1436,0,Non
MC-1437,0.286,Non
MC-1438,0,Non
MC-1439,0.267,Non
MC-1440,0,Non
MC-1441,0,Non
MC-1442,0.267,Non
MC-1443,0,Non
MC-1444,0.154,Non
MC-1445,0.167,Non
MC-1446,0,Non
MC-1447,0.154,Non
MC-1448,0.167,Non
MC-1449,0.267,Non
MC-1450,0.154,Non
MC-1451,0.429,Semi
MC-1452,0.154,Non
MC-1453,0.154,Non
MC-1454,0.154,Non
MC-1455,0,Non
MC-1456,0,Non
MC-1457,0.286,Non
MC-1458,0.429,Semi
MC-1459,0.154,Non
MC-1460,0.4,Semi
MC-1461,0,Non
MC-1462,0.4,Semi
MC-1463,0.154,Non
MC-1464,0,Non
MC-1465,0.167,Non
MC-1466,0.167,Non
MC-1467,0.167,Non
MC-1468,0.133,Non
MC-1469,0,Non
MC-1470,0.133,Non
MC-1471,0,Non
MC-1472,0,Non
MC-1473,0,Non
MC-1474,0,Non
MC-1475,0.167,Non
MC-1476,0.286,Non
MC-1477,0.261,Non
MC-1478,0.133,Non
MC-1479,0,Non
MC-1480,0,Non
MC-1481,0.167,Non
MC-1482,0,Non
MC-1483,0,Non
MC-1484,0.154,Non
MC-1485,0.167,Non
MC-1486,0,Non
MC-1487,0.267,Non
MC-1488,0.267,Non
MC-1489,0.154,Non
MC-1490,0,Non
MC-1491,0.308,Semi
MC-1492,0.267,Non
MC-1493,0,Non
MC-1494,0,Non
MC-1495,0,Non
MC-1496,0.286,Non
MC-1497,0,Non
MC-1498,0,Non
MC-1499,0.286,Non
MC-1500,0.167,Non
MC-1501,0.286,Non
MC-1502,0,Non
MC-1503,0.154,Non
MC-1504,0.154,Non
MC-1505,0,Non
MC-1506,0.286,Non
MC-1507,0,Non
MC-1508,0.118,Non
MC-1509,0,Non
MC-1510,0.267,Non
MC-1511,0,Non
MC-1512,0,Non
MC-1513,0.167,Non
MC-1514,0,Non
MC-1515,0.167,Non
MC-1516,0.154,Non
MC-1517,0.143,Non
MC-1518,0.286,Non
MC-1519,0.154,Non
MC-1520,0,Non
MC-1521,0,Non
MC-1522,0.267,Non
MC-1523,0.154,Non
MC-1524,0.267,Non
MC-1525,0.154,Non
MC-1526,0.154,Non
MC-1527,0.267,Non
MC-1528,0,Non
MC-1529,0,Non
MC-1530,0.154,Non
MC-1531,0.286,Non
MC-1532,0.267,Non
MC-1533,0.167,Non
MC-1534,0.4,Semi
MC-1535,0.167,Non
MC-1536,0,Non
MC-1537,0,Non
MC-1538,0,Non
MC-1539,0,Non
MC-1540,0.154,Non
MC-1541,0.167,Non
MC-1542,0,Non
MC-1543,0,Non
MC-1544,0,Non
MC-1545,0.286,Non
MC-1546,0,Non
MC-1547,0,Non
MC-1548,0,Non
MC-1549,0.267,Non
MC-1550,0,Non
MC-1551,0.167,Non
MC-1552,0,Non
MC-1553,0,Non
MC-1554,0.167,Non
MC-1555,0.286,Non
MC-1556,0,Non
MC-1557,0.429,Semi
MC-1558,0.267,Non
MC-1559,0,Non
MC-1560,0,Non
MC-1561,0,Non
MC-1562,0.429,Semi
MC-1563,0.267,Non
MC-1564,0,Non
MC-1565,0,Non
MC-1566,0,Non
MC-1567,0.267,Non
MC-1568,0.286,Non
MC-1569,0.2,Non
MC-1570,0.167,Non
MC-1571,0,Non
MC-1572,0.154,Non
MC-1573,0.286,Non
MC-1574,0,Non
MC-1575,0.133,Non
MC-1576,0,Non
MC-1577,0.167,Non
MC-1578,0,Non
MC-1579,0.286,Non
MC-1580,0.167,Non
MC-1581,0,Non
MC-1582,0,Non
MC-1583,0,Non
MC-1584,0.5,Semi
MC-1585,0.4,Semi
MC-1586,0.267,Non
MC-1587,0,Non
MC-1588,0.267,Non
MC-1589,0.286,Non
MC-1590,0,Non
MC-1591,0.286,Non
MC-1592,0,Non
MC-1593,0,Non
MC-1594,0.154,Non
MC-1595,0.267,Non
MC-1596,0.444,Semi
MC-1597,0,Non
MC-1598,0,Non
MC-1599,0,Non
MC-1600,0,Non
MC-1601,0.154,Non
MC-1602,0.143,Non
MC-1603,0.286,Non
MC-1604,0.167,Non
MC-1605,0.154,Non
MC-1606,0,Non
MC-1607,0,Non
MC-1608,0.133,Non
MC-1609,0,Non
MC-1610,0,Non
MC-1611,0.286,Non
MC-1612,0,Non
MC-1613,0.167,Non
MC-1614,0.444,Semi
MC-1615,0.286,Non
MC-1616,0,Non
MC-1617,0,Non
MC-1618,0.167,Non
MC-1619,0,Non
MC-1620,0.286,Non
MC-1621,0,Non
MC-1622,0.286,Non
MC-1623,0,Non
MC-1624,0,Non
MC-1625,0,Non
MC-1626,0.267,Non
MC-1627,0.154,Non
MC-1628,0.154,Non
MC-1629,0.167,Non
MC-1630,0.133,Non
MC-1631,0,Non
MC-1632,0,Non
MC-1633,0,Non
MC-1634,0.143,Non
MC-1635,0.1,Non
MC-1636,0.143,Non
MC-1637,0.133,Non
MC-1638,0.267,Non
MC-1639,0,Non
MC-1640,0,Non
MC-1641,0.143,Non
MC-1642,0.167,Non
MC-1643,0.4,Semi
MC-1644,0.267,Non
MC-1645,0.429,Semi
MC-1646,0.353,Semi
MC-1647,0.154,Non
MC-1648,0,Non
MC-1649,0.143,Non
MC-1650,0,Non
MC-1651,0.286,Non
MC-1652,0.333,Semi
MC-1653,0,Non
MC-1654,0.154,Non
MC-1655,0,Non
MC-1656,0,Non
MC-1657,0.4,Semi
MC-1658,0.167,Non
MC-1659,0.154,Non
MC-1660,0.133,Non
MC-1661,0,Non
MC-1662,0.1,Non
MC-1663,0,Non
MC-1664,0.167,Non
MC-1665,0,Non
MC-1666,0.167,Non
MC-1667,0.286,Non
MC-1668,0.167,Non
MC-1669,0,Non
MC-1670,0.154,Non
MC-1671,0,Non
MC-1672,0,Non
MC-1673,0.133,Non
MC-1674,0.154,Non
MC-1675,0.167,Non
MC-1676,0,Non
MC-1677,0,Non
MC-1678,0.154,Non
MC-1679,0,Non
MC-1680,0.167,Non
MC-1681,0.154,Non
MC-1682,0.267,Non
MC-1683,0,Non
MC-1684,0.3,Semi
MC-1685,0,Non
MC-1686,0.143,Non
MC-1687,0,Non
MC-1688,0,Non
MC-1689,0,Non
MC-1690,0.133,Non
MC-1691,0,Non
MC-1692,0.133,Non
MC-1693,0.133,Non
MC-1694,0.167,Non
MC-1695,0,Non
MC-1696,0.286,Non
MC-1697,0,Non
MC-1698,0,Non
MC-1699,0.167,Non
MC-1700,0.4,Semi
MC-1701,0,Non
MC-1702,0.133,Non
MC-1703,0,Non
MC-1704,0.4,Semi
MC-1705,0,Non
MC-1706,0.167,Non
MC-1707,0,Non
MC-1708,0.4,Semi
MC-1709,0.4,Semi
MC-1710,0,Non
MC-1711,0,Non
MC-1712,0.429,Semi
MC-1713,0,Non
MC-1714,0,Non
MC-1715,0.286,Non
MC-1716,0,Non
MC-1717,0.286,Non
MC-1718,0.286,Non
MC-1719,0,Non
MC-1720,0,Non
MC-1721,0,Non
MC-1722,0.286,Non
MC-1723,0,Non
MC-1724,0.286,Non
MC-1725,0.267,Non
MC-1726,0.133,Non
MC-1727,0,Non
MC-1728,0,Non
MC-1729,0,Non
MC-1730,0.154,Non
MC-1731,0,Non
MC-1732,0.267,Non
MC-1733,0,Non
MC-1734,0.143,Non
MC-1735,0,Non
MC-1736,0,Non
MC-1737,0.267,Non
MC-1738,0,Non
MC-1739,0,Non
MC-1740,0.154,Non
MC-1741,0,Non
MC-1742,0.167,Non
MC-1743,0,Non
MC-1744,0,Non
MC-1745,0.286,Non
MC-1746,0.154,Non
MC-1747,0,Non
MC-1748,0.4,Semi
MC-1749,0.267,Non
MC-1750,0,Non
MC-1751,0,Non
MC-1752,0.154,Non
MC-1753,0.267,Non
MC-1754,0,Non
MC-1755,0,Non
MC-1756,0.167,Non
MC-1757,0.286,Non
MC-1758,0.154,Non
MC-1759,0.429,Semi
MC-1760,0,Non
MC-1761,0,Non
MC-1762,0.154,Non
MC-1763,0.133,Non
MC-1764,0.133,Non
MC-1765,0.167,Non
MC-1766,0.267,Non
MC-1767,0,Non
MC-1768,0.4,Semi
MC-1769,0,Non
MC-1770,0,Non
MC-1771,0,Non
MC-1772,0,Non
MC-1773,0,Non
MC-1774,0.267,Non
MC-1775,0.286,Non
MC-1776,0,Non
MC-1777,0,Non
MC-1778,0,Non
MC-1779,0.267,Non
MC-1780,0.143,Non
MC-1781,0.267,Non
MC-1782,0.154,Non
MC-1783,0.267,Non
MC-1784,0,Non
MC-1785,0.167,Non
MC-1786,0.333,Semi
MC-1787,0,Non
MC-1788,0.286,Non
MC-1789,0,Non
MC-1790,0,Non
MC-1791,0,Non
MC-1792,0.133,Non
MC-1793,0.154,Non
MC-1794,0.267,Non
MC-1795,0.167,Non
MC-1796,0.133,Non
MC-1797,0,Non
MC-1798,0.154,Non
MC-1799,0.267,Non
MC-1800,0,Non
MC-1801,0,Non
MC-1802,0.4,Semi
MC-1803,0.267,Non
MC-1804,0,Non
MC-1805,0,Non
MC-1806,0.167,Non
MC-1807,0.286,Non
MC-1808,0,Non
MC-1809,0,Non
MC-1810,0,Non
MC-1811,0.154,Non
MC-1812,0,Non
MC-1813,0.133,Non
MC-1814,0.154,Non
MC-1815,0,Non
MC-1816,0.471,Semi
MC-1817,0.286,Non
MC-1818,0.133,Non
MC-1819,0.267,Non
MC-1820,0,Non
MC-1821,0,Non
MC-1822,0.429,Semi
MC-1823,0.267,Non
MC-1824,0,Non
MC-1825,0,Non
MC-1826,0,Non
MC-1827,0.444,Semi
MC-1828,0,Non
MC-1829,0.286,Non
MC-1830,0,Non
MC-1831,0,Non
MC-1832,0.429,Semi
MC-1833,0.167,Non
MC-1834,0.286,Non
MC-1835,0.267,Non
MC-1836,0,Non
MC-1837,0,Non
MC-1838,0.333,Semi
MC-1839,0,Non
MC-1840,0.333,Semi
MC-1841,0,Non
MC-1842,0.154,Non
MC-1843,0.267,Non
MC-1844,0,Non
MC-1845,0,Non
MC-1846,0.133,Non
MC-1847,0,Non
MC-1848,0,Non
MC-1849,0,Non
MC-1850,0.154,Non
MC-1851,0,Non
MC-1852,0,Non
MC-1853,0.154,Non
MC-1854,0,Non
MC-1855,0,Non
MC-1856,0.267,Non
MC-1857,0.154,Non
MC-1858,0,Non
MC-1859,0,Non
MC-1860,0,Non
MC-1861,0,Non
MC-1862,0,Non
MC-1863,0.154,Non
MC-1864,0.154,Non
MC-1865,0,Non
MC-1866,0.167,Non
MC-1867,0,Non
MC-1868,0,Non
MC-1869,0.167,Non
MC-1870,0,Non
MC-1871,0,Non
MC-1872,0.133,Non
MC-1873,0,Non
MC-1874,0,Non
MC-1875,0.286,Non
MC-1876,0.133,Non
MC-1877,0,Non
MC-1878,0.143,Non
MC-1879,0.167,Non
MC-1880,0,Non
MC-1881,0.267,Non
MC-1882,0.167,Non
MC-1883,0,Non
MC-1884,0,Non
MC-1885,0,Non
MC-1886,0,Non
MC-1887,0.167,Non
MC-1888,0.267,Non
MC-1889,0,Non
MC-1890,0.267,Non
MC-1891,0.286,Non
MC-1892,0,Non
MC-1893,0,Non
MC-1894,0,Non
MC-1895,0.429,Semi
MC-1896,0.154,Non
MC-1897,0,Non
MC-1898,0,Non
MC-1899,0.286,Non
MC-1900,0.154,Non
MC-1901,0.167,Non
MC-1902,0,Non
MC-1903,0.133,Non
MC-1904,0,Non
MC-1905,0,Non
MC-1906,0.167,Non
MC-1907,0,Non
MC-1908,0.154,Non
MC-1909,0,Non
MC-1910,0.167,Non
MC-1911,0.286,Non
MC-1912,0.133,Non
MC-1913,0,Non
MC-1914,0,Non
MC-1915,0,Non
MC-1916,0.286,Non
MC-1917,0.154,Non
MC-1918,0.133,Non
MC-1919,0,Non
MC-1920,0.286,Non
MC-1921,0,Non
MC-1922,0,Non
MC-1923,0,Non
MC-1924,0,Non
MC-1925,0,Non
MC-1926,0.286,Non
MC-1927,0,Non
MC-1928,0.429,Semi
MC-1929,0,Non
MC-1930,0.286,Non
MC-1931,0.4,Semi
MC-1932,0.154,Non
MC-1933,0.286,Non
MC-1934,0.267,Non
MC-1935,0.429,Semi
MC-1936,0.154,Non
MC-1937,0.154,Non
MC-1938,0.286,Non
MC-1939,0.143,Non
MC-1940,0,Non
MC-1941,0.333,Semi
MC-1942,0.133,Non
MC-1943,0.167,Non
MC-1944,0.267,Non
MC-1945,0,Non
MC-1946,0.154,Non
MC-1947,0.167,Non
MC-1948,0,Non
MC-1949,0,Non
MC-1950,0.118,Non
MC-1951,0,Non
MC-1952,0.143,Non
MC-1953,0,Non
MC-1954,0,Non
MC-1955,0,Non
MC-1956,0.444,Semi
MC-1957,0,Non
MC-1958,0,Non
MC-1959,0,Non
MC-1960,0,Non
MC-1961,0,Non
MC-1962,0,Non
MC-1963,0,Non
MC-1964,0,Non
MC-1965,0,Non
MC-1966,0.154,Non
MC-1967,0,Non
MC-1968,0.286,Non
MC-1969,0,Non
MC-1970,0,Non
MC-1971,0,Non
MC-1972,0.167,Non
MC-1973,0,Non
MC-1974,0.143,Non
MC-1975,0,Non
MC-1976,0.267,Non
MC-1977,0,Non
MC-1978,0.133,Non
MC-1979,0.286,Non
MC-1980,0.133,Non
MC-1981,0,Non
MC-1982,0.286,Non
MC-1983,0,Non
MC-1984,0.267,Non
MC-1985,0.333,Semi
MC-1986,0,Non
MC-1987,0.267,Non
MC-1988,0,Non
MC-1989,0.167,Non
MC-1990,0,Non
MC-1991,0.429,Semi
MC-1992,0,Non
MC-1993,0.133,Non
MC-1994,0,Non
MC-1995,0.4,Semi
MC-1996,0.286,Non
MC-1997,0,Non
MC-1998,0.286,Non
MC-1999,0.133,Non
MC-2000,0.286,Non
MC-2001,0,Non
MC-2002,0,Non
MC-2003,0,Non
MC-2004,0.154,Non
MC-2005,0.286,Non
MC-2006,0,Non
MC-2007,0,Non
MC-2008,0,Non
MC-2009,0,Non
MC-2010,0,Non
MC-2011,0,Non
MC-2012,0.4,Semi
MC-2013,0.25,Non
MC-2014,0.444,Semi
MC-2015,0,Non
MC-2016,0,Non
MC-2017,0.167,Non
MC-2018,0,Non
MC-2019,0,Non
MC-2020,0,Non
MC-2021,0.167,Non
MC-2022,0.286,Non
MC-2023,0,Non
MC-2024,0,Non
MC-2025,0,Non
MC-2026,0.267,Non
MC-2027,0.267,Non
MC-2028,0.267,Non
MC-2029,0.154,Non
MC-2030,0,Non
MC-2031,0.143,Non
MC-2032,0.167,Non
MC-2033,0,Non
MC-2034,0.444,Semi
MC-2035,0.429,Semi
MC-2036,0,Non
MC-2037,0.167,Non
MC-2038,0.267,Non
MC-2039,0.267,Non
MC-2040,0,Non
MC-2041,0,Non
MC-2042,0.154,Non
MC-2043,0,Non
MC-2044,0.167,Non
MC-2045,0.286,Non
MC-2046,0.286,Non
MC-2047,0.267,Non
MC-2048,0.154,Non
MC-2049,0.267,Non
MC-2050,0.154,Non
MC-2051,0.133,Non
MC-2052,0.167,Non
MC-2053,0.154,Non
MC-2054,0.133,Non
MC-2055,0.286,Non
MC-2056,0,Non
MC-2057,0.286,Non
MC-2058,0.154,Non
MC-2059,0.286,Non
MC-2060,0,Non
MC-2061,0,Non
MC-2062,0.167,Non
MC-2063,0,Non
MC-2064,0.286,Non
MC-2065,0,Non
MC-2066,0.286,Non
MC-2067,0.286,Non
MC-2068,0.429,Semi
MC-2069,0,Non
MC-2070,0,Non
MC-2071,0.167,Non
MC-2072,0,Non
MC-2073,0,Non
MC-2074,0,Non
MC-2075,0.286,Non
MC-2076,0.133,Non
MC-2077,0,Non
MC-2078,0.167,Non
MC-2079,0,Non
MC-2080,0,Non
MC-2081,0,Non
MC-2082,0.286,Non
MC-2083,0.133,Non
MC-2084,0,Non
MC-2085,0,Non
MC-2086,0,Non
MC-2087,0.4,Semi
MC-2088,0,Non
MC-2089,0.267,Non
MC-2090,0.133,Non
MC-2091,0.154,Non
MC-2092,0.267,Non
MC-2093,0.143,Non
MC-2094,0,Non
MC-2095,0.154,Non
MC-2096,0,Non
MC-2097,0.154,Non
MC-2098,0,Non
MC-2099,0,Non
MC-2100,0,Non
MC-2101,0.429,Semi
MC-2102,0.286,Non
MC-2103,0,Non
MC-2104,0.429,Semi
MC-2105,0,Non
MC-2106,0.286,Non
MC-2107,0,Non
MC-2108,0,Non
MC-2109,0.167,Non
MC-2110,0.4,Semi
MC-2111,0.4,Semi
MC-2112,0,Non
MC-2113,0.133,Non
MC-2114,0,Non
MC-2115,0,Non
MC-2116,0.267,Non
MC-2117,0.267,Non
MC-2118,0,Non
MC-2119,0.286,Non
MC-2120,0.167,Non
MC-2121,0.133,Non
MC-2122,0.133,Non
MC-2123,0.133,Non
MC-2124,0.167,Non
MC-2125,0.286,Non
MC-2126,0,Non
MC-2127,0,Non
MC-2128,0,Non
MC-2129,0.167,Non
MC-2130,0,Non
MC-2131,0,Non
MC-2132,0,Non
MC-2133,0.154,Non
MC-2134,0.154,Non
MC-2135,0,Non
MC-2136,0,Non
MC-2137,0,Non
MC-2138,0,Non
MC-2139,0,Non
MC-2140,0.267,Non
MC-2141,0,Non
MC-2142,0,Non
MC-2143,0,Non
MC-2144,0.286,Non
MC-2145,0,Non
MC-2146,0.267,Non
MC-2147,0,Non
MC-2148,0,Non
MC-2149,0.286,Non
MC-2150,0.133,Non
MC-2151,0.286,Non
MC-2152,0,Non
MC-2153,0.167,Non
MC-2154,0.154,Non
MC-2155,0.167,Non
MC-2156,0,Non
MC-2157,0.154,Non
MC-2158,0.133,Non
MC-2159,0.267,Non
MC-2160,0,Non
MC-2161,0.429,Semi
MC-2162,0.154,Non
MC-2163,0.167,Non
MC-2164,0.267,Non
MC-2165,0.267,Non
MC-2166,0.286,Non
MC-2167,0,Non
MC-2168,0,Non
MC-2169,0.267,Non
MC-2170,0,Non
MC-2171,0.267,Non
MC-2172,0.133,Non
MC-2173,0.267,Non
MC-2174,0.133,Non
MC-2175,0,Non
MC-2176,0.286,Non
MC-2177,0,Non
MC-2178,0,Non
MC-2179,0.133,Non
MC-2180,0.286,Non
MC-2181,0,Non
MC-2182,0,Non
MC-2183,0.133,Non
MC-2184,0.25,Non
MC-2185,0,Non
MC-2186,0.267,Non
MC-2187,0.286,Non
MC-2188,0,Non
MC-2189,0.429,Semi
MC-2190,0,Non
MC-2191,0,Non
MC-2192,0.133,Non
MC-2193,0,Non
MC-2194,0.133,Non
MC-2195,0,Non
MC-2196,0.167,Non
MC-2197,0,Non
MC-2198,0,Non
MC-2199,0.286,Non
MC-2200,0.286,Non
MC-2201,0.286,Non
MC-2202,0,Non
MC-2203,0,Non
MC-2204,0.286,Non
MC-2205,0,Non
MC-2206,0,Non
MC-2207,0,Non
MC-2208,0.133,Non
MC-2209,0,Non
MC-2210,0.133,Non
MC-2211,0.154,Non
MC-2212,0.286,Non
MC-2213,0.167,Non
MC-2214,0,Non
MC-2215,0,Non
MC-2216,0,Non
MC-2217,0,Non
MC-2218,0.167,Non
MC-2219,0.267,Non
MC-2220,0.429,Semi
MC-2221,0,Non
MC-2222,0.267,Non
MC-2223,0,Non
MC-2224,0,Non
MC-2225,0.167,Non
MC-2226,0.267,Non
MC-2227,0,Non
MC-2228,0.167,Non
MC-2229,0.286,Non
MC-2230,0,Non
MC-2231,0,Non
MC-2232,0.286,Non
MC-2233,0.143,Non
MC-2234,0.4,Semi
MC-2235,0,Non
MC-2236,0.167,Non
MC-2237,0,Non
MC-2238,0.4,Semi
MC-2239,0,Non
MC-2240,0.267,Non
MC-2241,0,Non
MC-2242,0,Non
MC-2243,0,Non
MC-2244,0,Non
MC-2245,0.133,Non
MC-2246,0.167,Non
MC-2247,0,Non
MC-2248,0.167,Non
MC-2249,0,Non
MC-2250,0.167,Non
MC-2251,0,Non
MC-2252,0.267,Non
MC-2253,0.267,Non
MC-2254,0.167,Non
MC-2255,0.133,Non
MC-2256,0,Non
MC-2257,0,Non
MC-2258,0,Non
MC-2259,0,Non
MC-2260,0.267,Non
MC-2261,0.167,Non
MC-2262,0.133,Non
MC-2263,0,Non
MC-2264,0.267,Non
MC-2265,0,Non
MC-2266,0.286,Non
MC-2267,0.133,Non
MC-2268,0,Non
MC-2269,0.286,Non
MC-2270,0.167,Non
MC-2271,0.118,Non
MC-2272,0,Non
MC-2273,0,Non
MC-2274,0,Non
MC-2275,0,Non
MC-2276,0.154,Non
MC-2277,0,Non
MC-2278,0.286,Non
MC-2279,0.154,Non
MC-2280,0.267,Non
MC-2281,0.308,Semi
MC-2282,0.286,Non
MC-2283,0.118,Non
MC-2284,0.333,Semi
MC-2285,0.133,Non
MC-2286,0.154,Non
MC-2287,0.4,Semi
MC-2288,0,Non
MC-2289,0.133,Non
MC-2290,0.154,Non
MC-2291,0,Non
MC-2292,0.167,Non
MC-2293,0.444,Semi
MC-2294,0,Non
MC-2295,0.167,Non
MC-2296,0.267,Non
MC-2297,0.167,Non
MC-2298,0,Non
MC-2299,0,Non
MC-2300,0.308,Semi
MC-2301,0.167,Non
MC-2302,0,Non
MC-2303,0.154,Non
MC-2304,0.267,Non
MC-2305,0.133,Non
MC-2306,0,Non
MC-2307,0,Non
MC-2308,0.167,Non
MC-2309,0,Non
MC-2310,0.4,Semi
MC-2311,0,Non
MC-2312,0,Non
MC-2313,0.167,Non
MC-2314,0,Non
MC-2315,0,Non
MC-2316,0,Non
MC-2317,0,Non
MC-2318,0,Non
MC-2319,0,Non
MC-2320,0,Non
MC-2321,0.267,Non
MC-2322,0.429,Semi
MC-2323,0.4,Semi
MC-2324,0.286,Non
MC-2325,0.133,Non
MC-2326,0.286,Non
MC-2327,0.133,Non
MC-2328,0.429,Semi
MC-2329,0.267,Non
MC-2330,0.167,Non
MC-2331,0.286,Non
MC-2332,0.286,Non
MC-2333,0,Non
MC-2334,0.286,Non
MC-2335,0.133,Non
MC-2336,0,Non
MC-2337,0.429,Semi
MC-2338,0,Non
MC-2339,0.286,Non
MC-2340,0,Non
MC-2341,0,Non
MC-2342,0.167,Non
MC-2343,0.133,Non
MC-2344,0.4,Semi
MC-2345,0,Non
MC-2346,0.133,Non
MC-2347,0.267,Non
MC-2348,0,Non
MC-2349,0.133,Non
MC-2350,0.267,Non
MC-2351,0.154,Non
MC-2352,0,Non
MC-2353,0.267,Non
MC-2354,0.154,Non
MC-2355,0.4,Semi
MC-2356,0.154,Non
MC-2357,0,Non
MC-2358,0.333,Semi
MC-2359,0.267,Non
MC-2360,0.286,Non
MC-2361,0.154,Non
MC-2362,0,Non
MC-2363,0.267,Non
MC-2364,0.267,Non
MC-2365,0.286,Non
MC-2366,0,Non
MC-2367,0.143,Non
MC-2368,0,Non
MC-2369,0,Non
MC-2370,0,Non
MC-2371,0,Non
MC-2372,0,Non
MC-2373,0,Non
MC-2374,0.286,Non
MC-2375,0.133,Non
MC-2376,0.286,Non
MC-2377,0.133,Non
MC-2378,0.4,Semi
MC-2379,0.429,Semi
MC-2380,0.167,Non
MC-2381,0,Non
MC-2382,0,Non
MC-2383,0.267,Non
MC-2384,0.429,Semi
MC-2385,0,Non
MC-2386,0.353,Semi
MC-2387,0.167,Non
MC-2388,0,Non
MC-2389,0,Non
MC-2390,0,Non
MC-2391,0,Non
MC-2392,0.429,Semi
MC-2393,0.154,Non
MC-2394,0.286,Non
MC-2395,0.286,Non
MC-2396,0,Non
MC-2397,0.286,Non
MC-2398,0,Non
MC-2399,0,Non
MC-2400,0.267,Non
MC-2401,0.267,Non
MC-2402,0.4,Semi
MC-2403,0.167,Non
MC-2404,0.267,Non
MC-2405,0,Non
MC-2406,0,Non
MC-2407,0,Non
MC-2408,0.133,Non
MC-2409,0,Non
MC-2410,0.133,Non
MC-2411,0,Non
MC-2412,0,Non
MC-2413,0,Non
MC-2414,0,Non
MC-2415,0,Non
MC-2416,0.167,Non
MC-2417,0,Non
MC-2418,0.267,Non
MC-2419,0.133,Non
MC-2420,0,Non
MC-2421,0.167,Non
MC-2422,0.143,Non
MC-2423,0,Non
MC-2424,0.154,Non
MC-2425,0.286,Non
MC-2426,0.154,Non
MC-2427,0.333,Semi
MC-2428,0,Non
MC-2429,0.267,Non
MC-2430,0,Non
MC-2431,0,Non
MC-2432,0,Non
MC-2433,0,Non
MC-2434,0.167,Non
MC-2435,0,Non
MC-2436,0.154,Non
MC-2437,0,Non
MC-2438,0,Non
MC-2439,0,Non
MC-2440,0.267,Non
MC-2441,0.133,Non
MC-2442,0,Non
MC-2443,0,Non
MC-2444,0,Non
MC-2445,0,Non
MC-2446,0.167,Non
MC-2447,0.167,Non
MC-2448,0,Non
MC-2449,0.167,Non
MC-2450,0,Non
MC-2451,0,Non
MC-2452,0,Non
MC-2453,0.25,Non
MC-2454,0.267,Non
MC-2455,0,Non
MC-2456,0.154,Non
MC-2457,0,Non
MC-2458,0,Non
MC-2459,0.286,Non
MC-2460,0.444,Semi
MC-2461,0.286,Non
MC-2462,0.286,Non
MC-2463,0.167,Non
MC-2464,0.154,Non
MC-2465,0.167,Non
MC-2466,0,Non
MC-2467,0,Non
MC-2468,0.167,Non
MC-2469,0.133,Non
MC-2470,0,Non
MC-2471,0,Non
MC-2472,0,Non
MC-2473,0,Non
MC-2474,0.154,Non
MC-2475,0.133,Non
MC-2476,0.286,Non
MC-2477,0.167,Non
MC-2478,0.167,Non
MC-2479,0.167,Non
MC-2480,0.167,Non
MC-2481,0,Non
MC-2482,0.267,Non
MC-2483,0.286,Non
MC-2484,0,Non
MC-2485,0,Non
MC-2486,0,Non
MC-2487,0.267,Non
MC-2488,0.154,Non
MC-2489,0.267,Non
MC-2490,0,Non
MC-2491,0.267,Non
MC-2492,0.267,Non
MC-2493,0.167,Non
MC-2494,0.286,Non
MC-2495,0.286,Non
MC-2496,0,Non
MC-2497,0,Non
MC-2498,0,Non
MC-2499,0,Non
MC-2500,0,Non
MC-2501,0.154,Non
MC-2502,0.429,Semi
MC-2503,0.133,Non
MC-2504,0.154,Non
MC-2505,0,Non
MC-2506,0,Non
MC-2507,0,Non
MC-2508,0,Non
MC-2509,0.154,Non
MC-2510,0.133,Non
MC-2511,0,Non
MC-2512,0,Non
MC-2513,0.286,Non
MC-2514,0.267,Non
MC-2515,0.167,Non
MC-2516,0,Non
MC-2517,0,Non
MC-2518,0.143,Non
MC-2519,0.286,Non
MC-2520,0,Non
MC-2521,0.286,Non
MC-2522,0.286,Non
MC-2523,0.154,Non
MC-2524,0.286,Non
MC-2525,0,Non
MC-2526,0,Non
MC-2527,0.286,Non
MC-2528,0.267,Non
MC-2529,0,Non
MC-2530,0.133,Non
MC-2531,0.118,Non
MC-2532,0.133,Non
MC-2533,0,Non
MC-2534,0.154,Non
MC-2535,0.167,Non
MC-2536,0.4,Semi
MC-2537,0.143,Non
MC-2538,0.143,Non
MC-2539,0.267,Non
MC-2540,0,Non
MC-2541,0.3,Semi
MC-2542,0.267,Non
MC-2543,0.429,Semi
MC-2544,0.267,Non
MC-2545,0.267,Non
MC-2546,0.167,Non
MC-2547,0,Non
MC-2548,0,Non
MC-2549,0.167,Non
MC-2550,0.267,Non
MC-2551,0,Non
MC-2552,0,Non
MC-2553,0.118,Non
MC-2554,0,Non
MC-2555,0.286,Non
MC-2556,0.167,Non
MC-2557,0.286,Non
MC-2558,0,Non
MC-2559,0.133,Non
MC-2560,0.167,Non
MC-2561,0.167,Non
MC-2562,0,Non
MC-2563,0.286,Non
MC-2564,0.154,Non
MC-2565,0,Non
MC-2566,0.154,Non
MC-2567,0.267,Non
MC-2568,0.286,Non
MC-2569,0,Non
MC-2570,0.167,Non
MC-2571,0,Non
MC-2572,0,Non
MC-2573,0,Non
MC-2574,0.429,Semi
MC-2575,0.267,Non
MC-2576,0,Non
MC-2577,0.167,Non
MC-2578,0.154,Non
MC-2579,0.167,Non
MC-2580,0.154,Non
MC-2581,0,Non
MC-2582,0.167,Non
MC-2583,0,Non
MC-2584,0,Non
MC-2585,0.154,Non
MC-2586,0.429,Semi
MC-2587,0.167,Non
MC-2588,0.143,Non
MC-2589,0.267,Non
MC-2590,0,Non
MC-2591,0.167,Non
MC-2592,0,Non
MC-2593,0.286,Non
MC-2594,0.133,Non
MC-2595,0,Non
MC-2596,0,Non
MC-2597,0,Non
MC-2598,0,Non
MC-2599,0,Non
MC-2600,0,Non
MC-2601,0.267,Non
MC-2602,0.286,Non
MC-2603,0,Non
MC-2604,0,Non
MC-2605,0,Non
MC-2606,0,Non
MC-2607,0.286,Non
MC-2608,0.167,Non
MC-2609,0,Non
MC-2610,0,Non
MC-2611,0,Non
MC-2612,0,Non
MC-2613,0.4,Semi
MC-2614,0,Non
MC-2615,0,Non
MC-2616,0.167,Non
MC-2617,0.167,Non
MC-2618,0.4,Semi
MC-2619,0.429,Semi
MC-2620,0.267,Non
MC-2621,0,Non
MC-2622,0.286,Non
MC-2623,0.167,Non
MC-2624,0,Non
MC-2625,0,Non
MC-2626,0.133,Non
MC-2627,0.154,Non
MC-2628,0.267,Non
MC-2629,0.333,Semi
MC-2630,0.154,Non
MC-2631,0.167,Non
MC-2632,0.267,Non
MC-2633,0,Non
MC-2634,0,Non
MC-2635,0.286,Non
MC-2636,0,Non
MC-2637,0.4,Semi
MC-2638,0.267,Non
MC-2639,0.167,Non
MC-2640,0.25,Non
MC-2641,0,Non
MC-2642,0.133,Non
MC-2643,0,Non
MC-2644,0.154,Non
MC-2645,0.286,Non
MC-2646,0.154,Non
MC-2647,0.167,Non
MC-2648,0,Non
MC-2649,0.286,Non
MC-2650,0,Non
MC-2651,0,Non
MC-2652,0.267,Non
MC-2653,0,Non
MC-2654,0,Non
MC-2655,0,Non
MC-2656,0,Non
MC-2657,0,Non
MC-2658,0,Non
MC-2659,0.167,Non
MC-2660,0.267,Non
MC-2661,0,Non
MC-2662,0.286,Non
MC-2663,0,Non
MC-2664,0.267,Non
MC-2665,0.154,Non
MC-2666,0,Non
MC-2667,0.333,Semi
MC-2668,0,Non
MC-2669,0,Non
MC-2670,0,Non
MC-2671,0.133,Non
MC-2672,0.167,Non
MC-2673,0.133,Non
MC-2674,0,Non
MC-2675,0.267,Non
MC-2676,0,Non
MC-2677,0,Non
MC-2678,0.444,Semi
MC-2679,0.133,Non
MC-2680,0,Non
MC-2681,0,Non
MC-2682,0.154,Non
MC-2683,0.286,Non
MC-2684,0.154,Non
MC-2685,0.167,Non
MC-2686,0.267,Non
MC-2687,0,Non
MC-2688,0.267,Non
MC-2689,0.4,Semi
MC-2690,0.267,Non
MC-2691,0.143,Non
MC-2692,0.4,Semi
MC-2693,0.267,Non
MC-2694,0,Non
MC-2695,0.167,Non
MC-2696,0.286,Non
MC-2697,0.133,Non
MC-2698,0,Non
MC-2699,0.118,Non
MC-2700,0.286,Non
MC-2701,0,Non
MC-2702,0,Non
MC-2703,0.429,Semi
MC-2704,0,Non
MC-2705,0.133,Non
MC-2706,0,Non
MC-2707,0,Non
MC-2708,0.429,Semi
MC-2709,0.133,Non
MC-2710,0,Non
MC-2711,0,Non
MC-2712,0.286,Non
MC-2713,0.167,Non
MC-2714,0,Non
MC-2715,0,Non
MC-2716,0.286,Non
MC-2717,0,Non
MC-2718,0.154,Non
MC-2719,0,Non
MC-2720,0,Non
MC-2721,0,Non
MC-2722,0.143,Non
MC-2723,0,Non
MC-2724,0,Non
MC-2725,0,Non
MC-2726,0.267,Non
MC-2727,0,Non
MC-2728,0,Non
MC-2729,0,Non
MC-2730,0,Non
MC-2731,0,Non
MC-2732,0,Non
MC-2733,0,Non
MC-2734,0,Non
MC-2735,0,Non
MC-2736,0,Non
MC-2737,0,Non
MC-2738,0.154,Non
MC-2739,0,Non
MC-2740,0,Non
MC-2741,0,Non
MC-2742,0,Non
MC-2743,0,Non
MC-2744,0,Non
MC-2745,0.429,Semi
MC-2746,0.143,Non
MC-2747,0,Non
MC-2748,0,Non
MC-2749,0.286,Non
MC-2750,0,Non
MC-2751,0.471,Semi
MC-2752,0.333,Semi
MC-2753,0.167,Non
MC-2754,0.286,Non
MC-2755,0.286,Non
MC-2756,0,Non
MC-2757,0.267,Non
MC-2758,0.133,Non
MC-2759,0,Non
MC-2760,0.154,Non
MC-2761,0.267,Non
MC-2762,0,Non
MC-2763,0.167,Non
MC-2764,0.267,Non
MC-2765,0,Non
MC-2766,0,Non
MC-2767,0,Non
MC-2768,0,Non
MC-2769,0.133,Non
MC-2770,0,Non
MC-2771,0.286,Non
MC-2772,0.267,Non
MC-2773,0,Non
MC-2774,0.167,Non
MC-2775,0.286,Non
MC-2776,0.286,Non
MC-2777,0.267,Non
MC-2778,0.429,Semi
MC-2779,0,Non
MC-2780,0,Non
MC-2781,0.154,Non
MC-2782,0,Non
MC-2783,0,Non
MC-2784,0.154,Non
MC-2785,0.154,Non
MC-2786,0.167,Non
MC-2787,0.267,Non
MC-2788,0.4,Semi
MC-2789,0.471,Semi
MC-2790,0,Non
MC-2791,0.267,Non
MC-2792,0.167,Non
MC-2793,0,Non
MC-2794,0.167,Non
MC-2795,0.267,Non
MC-2796,0.471,Semi
MC-2797,0,Non
MC-2798,0,Non
MC-2799,0.133,Non
MC-2800,0,Non
MC-2801,0.333,Semi
MC-2802,0.133,Non
MC-2803,0.143,Non
MC-2804,0,Non
MC-2805,0,Non
MC-2806,0,Non
MC-2807,0,Non
MC-2808,0.4,Semi
MC-2809,0.133,Non
MC-2810,0.167,Non
MC-2811,0.154,Non
MC-2812,0.154,Non
MC-2813,0.308,Semi
MC-2814,0,Non
MC-2815,0.267,Non
MC-2816,0.429,Semi
MC-2817,0,Non
MC-2818,0,Non
MC-2819,0,Non
MC-2820,0.429,Semi
MC-2821,0,Non
MC-2822,0,Non
MC-2823,0.133,Non
MC-2824,0,Non
MC-2825,0.429,Semi
MC-2826,0,Non
MC-2827,0,Non
MC-2828,0,Non
MC-2829,0.133,Non
MC-2830,0,Non
MC-2831,0,Non
MC-2832,0.167,Non
MC-2833,0,Non
MC-2834,0.133,Non
MC-2835,0.267,Non
MC-2836,0.167,Non
MC-2837,0.267,Non
MC-2838,0.25,Non
MC-2839,0,Non
MC-2840,0,Non
MC-2841,0.267,Non
MC-2842,0,Non
MC-2843,0.154,Non
MC-2844,0,Non
MC-2845,0,Non
MC-2846,0.143,Non
MC-2847,0,Non
MC-2848,0.133,Non
MC-2849,0.286,Non
MC-2850,0,Non
MC-2851,0.167,Non
MC-2852,0.167,Non
MC-2853,0.333,Semi
MC-2854,0.154,Non
MC-2855,0.286,Non
MC-2856,0.133,Non
MC-2857,0.333,Semi
MC-2858,0.267,Non
MC-2859,0.4,Semi
MC-2860,0.133,Non
MC-2861,0,Non
MC-2862,0,Non
MC-2863,0.429,Semi
MC-2864,0,Non
MC-2865,0,Non
MC-2866,0.154,Non
MC-2867,0,Non
MC-2868,0,Non
MC-2869,0.4,Semi
MC-2870,0.167,Non
MC-2871,0,Non
MC-2872,0.133,Non
MC-2873,0.167,Non
MC-2874,0.143,Non
MC-2875,0.167,Non
MC-2876,0.167,Non
MC-2877,0,Non
MC-2878,0.154,Non
MC-2879,0.286,Non
MC-2880,0,Non
MC-2881,0.267,Non
MC-2882,0,Non
MC-2883,0.167,Non
MC-2884,0.133,Non
MC-2885,0,Non
MC-2886,0.267,Non
MC-2887,0.167,Non
MC-2888,0.286,Non
MC-2889,0.333,Semi
MC-2890,0,Non
MC-2891,0.167,Non
MC-2892,0,Non
MC-2893,0.4,Semi
MC-2894,0,Non
MC-2895,0.429,Semi
MC-2896,0.154,Non
MC-2897,0.167,Non
MC-2898,0,Non
MC-2899,0.133,Non
MC-2900,0,Non
MC-2901,0.133,Non
MC-2902,0,Non
MC-2903,0,Non
MC-2904,0.267,Non
MC-2905,0,Non
MC-2906,0,Non
MC-2907,0.154,Non
MC-2908,0.133,Non
MC-2909,0.167,Non
MC-2910,0,Non
MC-2911,0.167,Non
MC-2912,0,Non
MC-2913,0.133,Non
MC-2914,0.167,Non
MC-2915,0.267,Non
MC-2916,0,Non
MC-2917,0,Non
MC-2918,0,Non
MC-2919,0.133,Non
MC-2920,0.267,Non
MC-2921,0.286,Non
MC-2922,0.429,Semi
MC-2923,0.143,Non
MC-2924,0,Non
MC-2925,0,Non
MC-2926,0.267,Non
MC-2927,0.167,Non
MC-2928,0.167,Non
MC-2929,0,Non
MC-2930,0.286,Non
MC-2931,0,Non
MC-2932,0.429,Semi
MC-2933,0.133,Non
MC-2934,0,Non
MC-2935,0.143,Non
MC-2936,0.143,Non
MC-2937,0.333,Semi
MC-2938,0.471,Semi
MC-2939,0.286,Non
MC-2940,0,Non
MC-2941,0,Non
MC-2942,0.267,Non
MC-2943,0.167,Non
MC-2944,0.267,Non
MC-2945,0.154,Non
MC-2946,0.286,Non
MC-2947,0,Non
MC-2948,0,Non
MC-2949,0.267,Non
MC-2950,0.167,Non
MC-2951,0,Non
MC-2952,0,Non
MC-2953,0,Non
MC-2954,0.133,Non
MC-2955,0.286,Non
MC-2956,0,Non
MC-2957,0.167,Non
MC-2958,0,Non
MC-2959,0,Non
MC-2960,0.286,Non
MC-2961,0,Non
MC-2962,0.133,Non
MC-2963,0.286,Non
MC-2964,0.154,Non
MC-2965,0.4,Semi
MC-2966,0.333,Semi
MC-2967,0.133,Non
MC-2968,0.133,Non
MC-2969,0.167,Non
MC-2970,0,Non
MC-2971,0,Non
MC-2972,0.333,Semi
MC-2973,0,Non
MC-2974,0.167,Non
MC-2975,0.4,Semi
MC-2976,0,Non
MC-2977,0,Non
MC-2978,0,Non
MC-2979,0,Non
MC-2980,0.267,Non
MC-2981,0.333,Semi
MC-2982,0.286,Non
MC-2983,0.154,Non
MC-2984,0.167,Non
MC-2985,0.133,Non
MC-2986,0.167,Non
MC-2987,0.154,Non
MC-2988,0.286,Non
MC-2989,0.154,Non
MC-2990,0,Non
MC-2991,0,Non
MC-2992,0,Non
MC-2993,0.286,Non
MC-2994,0.429,Semi
MC-2995,0.267,Non
MC-2996,0.167,Non
MC-2997,0.133,Non
MC-2998,0.167,Non
MC-2999,0,Non
MC-3000,0.133,Non
MC-3001,0.429,Semi
MC-3002,0,Non
MC-3003,0,Non
MC-3004,0.133,Non
MC-3005,0,Non
MC-3006,0.154,Non
MC-3007,0.167,Non
MC-3008,0,Non
MC-3009,0.286,Non
MC-3010,0,Non
MC-3011,0.286,Non
MC-3012,0.267,Non
MC-3013,0.154,Non
MC-3014,0.143,Non
MC-3015,0.4,Semi
MC-3016,0.286,Non
MC-3017,0.286,Non
MC-3018,0.167,Non
MC-3019,0,Non
MC-3020,0.167,Non
MC-3021,0,Non
MC-3022,0,Non
MC-3023,0,Non
MC-3024,0,Non
MC-3025,0.154,Non
MC-3026,0,Non
MC-3027,0.167,Non
MC-3028,0.133,Non
MC-3029,0,Non
MC-3030,0,Non
MC-3031,0.143,Non
MC-3032,0.267,Non
MC-3033,0.167,Non
MC-3034,0,Non
MC-3035,0,Non
MC-3036,0.133,Non
MC-3037,0,Non
MC-3038,0.167,Non
MC-3039,0,Non
MC-3040,0.133,Non
MC-3041,0,Non
MC-3042,0.267,Non
MC-3043,0,Non
MC-3044,0,Non
MC-3045,0.4,Semi
MC-3046,0.133,Non
MC-3047,0.333,Semi
MC-3048,0.167,Non
MC-3049,0.133,Non
MC-3050,0,Non
MC-3051,0.133,Non
MC-3052,0.286,Non
MC-3053,0,Non
MC-3054,0.167,Non
MC-3055,0.133,Non
MC-3056,0,Non
MC-3057,0.167,Non
MC-3058,0,Non
MC-3059,0.267,Non
MC-3060,0.167,Non
MC-3061,0.167,Non
MC-3062,0.167,Non
MC-3063,0.429,Semi
MC-3064,0,Non
MC-3065,0,Non
MC-3066,0,Non
MC-3067,0.133,Non
MC-3068,0.267,Non
MC-3069,0.167,Non
MC-3070,0.154,Non
MC-3071,0.286,Non
MC-3072,0.167,Non
MC-3073,0.167,Non
MC-3074,0,Non
MC-3075,0.333,Semi
MC-3076,0.167,Non
MC-3077,0,Non
MC-3078,0.167,Non
MC-3079,0.167,Non
MC-3080,0,Non
MC-3081,0,Non
MC-3082,0.154,Non
MC-3083,0.167,Non
MC-3084,0.267,Non
MC-3085,0,Non
MC-3086,0.154,Non
MC-3087,0.167,Non
MC-3088,0.167,Non
MC-3089,0,Non
MC-3090,0.286,Non
MC-3091,0.154,Non
MC-3092,0,Non
MC-3093,0.267,Non
MC-3094,0.333,Semi
MC-3095,0.267,Non
MC-3096,0.167,Non
MC-3097,0.167,Non
MC-3098,0.444,Semi
MC-3099,0,Non
MC-3100,0.333,Semi
MC-3101,0.4,Semi
MC-3102,0,Non
MC-3103,0.143,Non
MC-3104,0,Non
MC-3105,0.267,Non
MC-3106,0,Non
MC-3107,0,Non
MC-3108,0,Non
MC-3109,0.286,Non
MC-3110,0.267,Non
MC-3111,0.154,Non
MC-3112,0.167,Non
MC-3113,0.143,Non
MC-3114,0.154,Non
MC-3115,0,Non
MC-3116,0.286,Non
MC-3117,0.154,Non
MC-3118,0,Non
MC-3119,0,Non
MC-3120,0.133,Non
MC-3121,0,Non
MC-3122,0.167,Non
MC-3123,0,Non
MC-3124,0,Non
MC-3125,0.154,Non
MC-3126,0,Non
MC-3127,0,Non
MC-3128,0,Non
MC-3129,0.429,Semi
MC-3130,0.286,Non
MC-3131,0.133,Non
MC-3132,0,Non
MC-3133,0.133,Non
MC-3134,0.154,Non
MC-3135,0.154,Non
MC-3136,0.286,Non
MC-3137,0,Non
MC-3138,0,Non
MC-3139,0.267,Non
MC-3140,0.167,Non
MC-3141,0,Non
MC-3142,0.429,Semi
MC-3143,0.143,Non
MC-3144,0,Non
MC-3145,0.167,Non
MC-3146,0,Non
MC-3147,0.267,Non
MC-3148,0.133,Non
MC-3149,0.267,Non
MC-3150,0.429,Semi
MC-3151,0.133,Non
MC-3152,0,Non
MC-3153,0.143,Non
MC-3154,0,Non
MC-3155,0,Non
MC-3156,0.133,Non
MC-3157,0.167,Non
MC-3158,0.286,Non
MC-3159,0.167,Non
MC-3160,0,Non
MC-3161,0.267,Non
MC-3162,0.4,Semi
MC-3163,0.286,Non
MC-3164,0.286,Non
MC-3165,0.4,Semi
MC-3166,0.267,Non
MC-3167,0.222,Non
MC-3168,0,Non
MC-3169,0,Non
MC-3170,0.154,Non
MC-3171,0.4,Semi
MC-3172,0.267,Non
MC-3173,0.167,Non
MC-3174,0.4,Semi
MC-3175,0,Non
MC-3176,0.167,Non
MC-3177,0.25,Non
MC-3178,0.154,Non
MC-3179,0.154,Non
MC-3180,0.143,Non
MC-3181,0.167,Non
MC-3182,0,Non
MC-3183,0.429,Semi
MC-3184,0.154,Non
MC-3185,0,Non
MC-3186,0,Non
MC-3187,0,Non
MC-3188,0.333,Semi
MC-3189,0.267,Non
MC-3190,0,Non
MC-3191,0,Non
MC-3192,0.167,Non
MC-3193,0,Non
MC-3194,0,Non
MC-3195,0,Non
MC-3196,0,Non
MC-3197,0.429,Semi
MC-3198,0,Non
MC-3199,0.143,Non
MC-3200,0.286,Non
MC-3201,0.167,Non
MC-3202,0,Non
MC-3203,0,Non
MC-3204,0,Non
MC-3205,0.154,Non
MC-3206,0.333,Semi
MC-3207,0.286,Non
MC-3208,0.286,Non
MC-3209,0.471,Semi
MC-3210,0.286,Non
MC-3211,0,Non
MC-3212,0.286,Non
MC-3213,0.267,Non
MC-3214,0.167,Non
MC-3215,0,Non
MC-3216,0.4,Semi
MC-3217,0,Non
MC-3218,0.267,Non
MC-3219,0,Non
MC-3220,0.133,Non
MC-3221,0,Non
MC-3222,0.267,Non
MC-3223,0,Non
MC-3224,0.167,Non
MC-3225,0.267,Non
MC-3226,0,Non
MC-3227,0,Non
MC-3228,0.286,Non
MC-3229,0.154,Non
MC-3230,0.2,Non
MC-3231,0.133,Non
MC-3232,0.133,Non
MC-3233,0.167,Non
MC-3234,0,Non
MC-3235,0.267,Non
MC-3236,0,Non
MC-3237,0.154,Non
MC-3238,0.286,Non
MC-3239,0,Non
MC-3240,0,Non
MC-3241,0,Non
MC-3242,0,Non
MC-3243,0,Non
MC-3244,0.471,Semi
MC-3245,0.4,Semi
MC-3246,0.154,Non
MC-3247,0.133,Non
MC-3248,0.4,Semi
MC-3249,0.154,Non
MC-3250,0.333,Semi
MC-3251,0,Non
MC-3252,0.133,Non
MC-3253,0.286,Non
MC-3254,0.4,Semi
MC-3255,0.154,Non
MC-3256,0,Non
MC-3257,0.167,Non
MC-3258,0.167,Non
MC-3259,0.167,Non
MC-3260,0.286,Non
MC-3261,0.267,Non
MC-3262,0,Non
MC-3263,0.308,Semi
MC-3264,0.4,Semi
MC-3265,0,Non
MC-3266,0.154,Non
MC-3267,0,Non
MC-3268,0.143,Non
MC-3269,0.333,Semi
MC-3270,0.267,Non
MC-3271,0.167,Non
MC-3272,0.167,Non
MC-3273,0,Non
MC-3274,0.133,Non
MC-3275,0,Non
MC-3276,0.333,Semi
MC-3277,0,Non
MC-3278,0.154,Non
MC-3279,0.154,Non
MC-3280,0.154,Non
MC-3281,0,Non
MC-3282,0,Non
MC-3283,0.167,Non
MC-3284,0.133,Non
MC-3285,0,Non
MC-3286,0.133,Non
MC-3287,0.267,Non
MC-3288,0.286,Non
MC-3289,0,Non
MC-3290,0,Non
MC-3291,0,Non
MC-3292,0.429,Semi
MC-3293,0,Non
MC-3294,0.143,Non
MC-3295,0.167,Non
MC-3296,0.154,Non
MC-3297,0.286,Non
MC-3298,0.143,Non
MC-3299,0.154,Non
MC-3300,0.286,Non
MC-3301,0.154,Non
MC-3302,0.154,Non
MC-3303,0.429,Semi
MC-3304,0.133,Non
MC-3305,0.267,Non
MC-3306,0.2,Non
MC-3307,0,Non
MC-3308,0.154,Non
MC-3309,0.154,Non
MC-3310,0.286,Non
MC-3311,0.154,Non
MC-3312,0.444,Semi
MC-3313,0.267,Non
MC-3314,0.286,Non
MC-3315,0.267,Non
MC-3316,0.3,Semi
MC-3317,0.333,Semi
MC-3318,0.286,Non
MC-3319,0,Non
MC-3320,0,Non
MC-3321,0.267,Non
MC-3322,0.286,Non
MC-3323,0,Non
MC-3324,0,Non
MC-3325,0,Non
MC-3326,0,Non
MC-3327,0.286,Non
MC-3328,0.471,Semi
MC-3329,0.471,Semi
MC-3330,0.133,Non
MC-3331,0.429,Semi
MC-3332,0.2,Non
MC-3333,0.267,Non
MC-3334,0.471,Semi
MC-3335,0.286,Non
MC-3336,0.267,Non
MC-3337,0,Non
MC-3338,0,Non
MC-3339,0.333,Semi
MC-3340,0,Non
MC-3341,0.471,Semi
MC-3342,0,Non
MC-3343,0.4,Semi
MC-3344,0.4,Semi
MC-3345,0.267,Non
MC-3346,0.267,Non
MC-3347,0.154,Non
MC-3348,0.4,Semi
MC-3349,0.267,Non
MC-3350,0.4,Semi
MC-3351,0.286,Non
MC-3352,0.267,Non
MC-3353,0.286,Non
MC-3354,0,Non
MC-3355,0.154,Non
MC-3356,0.267,Non
MC-3357,0.133,Non
MC-3358,0.154,Non
MC-3359,0.286,Non
MC-3360,0.353,Semi
MC-3361,0.471,Semi
MC-3362,0.429,Semi
MC-3363,0,Non
MC-3364,0.167,Non
MC-3365,0.429,Semi
MC-3366,0.133,Non
MC-3367,0,Non
MC-3368,0,Non
MC-3369,0.471,Semi
MC-3370,0.133,Non
MC-3371,0.286,Non
MC-3372,0.154,Non
MC-3373,0.167,Non
MC-3374,0.154,Non
MC-3375,0,Non
MC-3376,0.133,Non
MC-3377,0.154,Non
MC-3378,0.154,Non
MC-3379,0.286,Non
MC-3380,0.154,Non
MC-3381,0,Non
MC-3382,0.143,Non
MC-3383,0,Non
MC-3384,0,Non
MC-3385,0,Non
MC-3386,0.154,Non
MC-3387,0,Non
MC-3388,0.533,Semi
MC-3389,0,Non
MC-3390,0,Non
MC-3391,0,Non
MC-3392,0,Non
MC-3393,0,Non
MC-3394,0,Non
MC-3395,0.083,Non
MC-3396,0.167,Non
MC-3397,0.167,Non
MC-3398,0.167,Non
MC-3399,0.167,Non
MC-3400,0.19,Non
MC-3401,0.19,Non
MC-3402,0.556,Semi
MC-3403,0.556,Semi
MC-3404,0.556,Semi
MC-3405,0.444,Semi
MC-3406,0.222,Non
MC-3407,0.556,Semi
MC-3408,0.556,Semi
MC-3409,0.556,Semi
MC-3410,0.556,Semi
MC-3411,0.556,Semi
MC-3412,0.444,Semi
MC-3413,0.444,Semi
MC-3414,0.333,Semi
MC-3415,0.556,Semi
MC-3416,0.556,Semi
MC-3417,0.556,Semi
MC-3418,0.444,Semi
MC-3419,0.242,Non
MC-3420,0.242,Non
MC-3421,0.242,Non
MC-3422,0.242,Non
MC-3423,0.471,Semi
MC-3424,0.471,Semi
MC-3425,0.471,Semi
MC-3426,0.471,Semi
MC-3427,0.471,Semi
MC-3428,0.471,Semi
MC-3429,0.471,Semi
MC-3430,0.471,Semi
MC-3431,0.471,Semi
MC-3432,0.471,Semi
MC-3433,0.471,Semi
MC-3434,0.471,Semi
MC-3435,0.471,Semi
MC-3436,0.471,Semi
MC-3437,0.471,Semi
MC-3438,0.471,Semi
MC-3439,0.471,Semi
MC-3440,0.471,Semi
MC-3441,0.471,Semi
MC-3442,0.471,Semi
MC-3443,0.471,Semi
MC-3444,0.471,Semi
MC-3445,0.471,Semi
MC-3446,0.471,Semi
MC-3447,0.471,Semi
MC-3448,0.471,Semi
MC-3449,0.471,Semi
MC-3450,0.471,Semi
MC-3451,0.471,Semi
MC-3452,0.471,Semi
MC-3453,0.471,Semi
MC-3454,0.471,Semi
MC-3455,0.471,Semi
MC-3456,0.471,Semi
MC-3457,0.471,Semi
MC-3458,0.353,Semi
MC-3459,0.353,Semi
MC-3460,0.353,Semi
MC-3461,0.471,Semi
MC-3462,0.235,Non
MC-3463,0.235,Non
MC-3464,0.353,Semi
MC-3465,0.235,Non
MC-3466,0.353,Semi
MC-3467,0.353,Semi
MC-3468,0.471,Semi
MC-3469,0.353,Semi
MC-3470,0.353,Semi
MC-3471,0.353,Semi
MC-3472,0.353,Semi
MC-3473,0.471,Semi
MC-3474,0.353,Semi
MC-3475,0.353,Semi
MC-3476,0.353,Semi
MC-3477,0.353,Semi
MC-3478,0.353,Semi
MC-3479,0.353,Semi
MC-3480,0.353,Semi
MC-3481,0.19,Non
MC-3482,0.182,Non
MC-3483,0.182,Non
MC-3484,0.19,Non
MC-3485,0.19,Non
MC-3486,0.19,Non
MC-3487,0.19,Non
MC-3488,0.19,Non
MC-3489,0.19,Non
MC-3490,0.19,Non
MC-3491,0.19,Non
MC-3492,0.19,Non
MC-3493,0.19,Non
MC-3494,0.19,Non
MC-3495,0.19,Non
MC-3496,0.19,Non
MC-3497,0,Non
MC-3498,0,Non
MC-3499,0,Non
MC-3500,0,Non
MC-3501,0,Non
MC-3502,0,Non
MC-3503,0,Non
MC-3504,0,Non
MC-3505,0,Non
MC-3506,0,Non
MC-3507,0,Non
MC-3508,0,Non
MC-3509,0.167,Non
MC-3510,0.167,Non
MC-3511,0,Non
MC-3512,0,Non
MC-3513,0,Non
MC-3514,0,Non
MC-3515,0.333,Semi
MC-3516,0.333,Semi
MC-3517,0.333,Semi
MC-3518,0.333,Semi
MC-3519,0.333,Semi
MC-3520,0.333,Semi
MC-3521,0.333,Semi
MC-3522,0.333,Semi
MC-3523,0,Non
MC-3524,0,Non
MC-3525,0,Non
MC-3526,0,Non
MC-3527,0,Non
MC-3528,0,Non
MC-3529,0.333,Semi
MC-3530,0.333,Semi
MC-3531,0.167,Non
MC-3532,0.167,Non
MC-3533,0.167,Non
MC-3534,0,Non
MC-3535,0,Non
MC-3536,0,Non
MC-3537,0,Non
MC-3538,0,Non
MC-3539,0,Non
MC-3540,0,Non
MC-3541,0,Non
MC-3542,0,Non
MC-3543,0,Non
MC-3544,0,Non
MC-3545,0,Non
MC-3546,0,Non
MC-3547,0,Non
MC-3548,0,Non
MC-3549,0,Non
MC-3550,0,Non
MC-3551,0,Non
MC-3552,0,Non
MC-3553,0,Non
MC-3554,0,Non
MC-3555,0,Non
MC-3556,0,Non
MC-3557,0,Non
MC-3558,0,Non
MC-3559,0,Non
MC-3560,0,Non
MC-3561,0,Non
MC-3562,0,Non
MC-3563,0,Non
MC-3564,0,Non
MC-3565,0,Non
MC-3566,0,Non
MC-3567,0,Non
MC-3568,0,Non
MC-3569,0,Non
MC-3570,0,Non
MC-3571,0,Non
MC-3572,0,Non
MC-3573,0,Non
MC-3574,0,Non
MC-3575,0,Non
MC-3576,0,Non
MC-3577,0,Non
MC-3578,0,Non
MC-3579,0,Non
MC-3580,0,Non
MC-3581,0,Non
MC-3582,0,Non
MC-3583,0,Non
MC-3584,0,Non
MC-3585,0,Non
MC-3586,0,Non
MC-3587,0,Non
MC-3588,0,Non
MC-3589,0,Non
MC-3590,0,Non
MC-3591,0,Non
MC-3592,0,Non
MC-3593,0,Non
MC-3594,0,Non
MC-3595,0,Non
MC-3596,0,Non
MC-3597,0,Non
MC-3598,0,Non
MC-3599,0,Non
MC-3600,0,Non
MC-3601,0,Non
MC-3602,0,Non
MC-3603,0,Non
MC-3604,0,Non
MC-3605,0,Non
MC-3606,0,Non
MC-3607,0,Non
MC-3608,0,Non
MC-3609,0,Non
MC-3610,0,Non
MC-3611,0,Non
MC-3612,0,Non
MC-3613,0,Non
MC-3614,0,Non
MC-3615,0,Non
MC-3616,0,Non
MC-3617,0,Non
MC-3618,0,Non
MC-3619,0,Non
MC-3620,0,Non
MC-3621,0,Non
MC-3622,0,Non
MC-3623,0,Non
MC-3624,0,Non
MC-3625,0,Non
MC-3626,0,Non
MC-3627,0,Non
MC-3628,0,Non
MC-3629,0,Non
MC-3630,0,Non
MC-3631,0,Non
MC-3632,0,Non
MC-3633,0,Non
MC-3634,0,Non
MC-3635,0,Non
MC-3636,0,Non
MC-3637,0,Non
MC-3638,0,Non
MC-3639,0,Non
MC-3640,0,Non
MC-3641,0,Non
MC-3642,0,Non
MC-3643,0,Non
MC-3644,0,Non
MC-3645,0,Non
MC-3646,0,Non
MC-3647,0,Non
MC-3648,0,Non
MC-3649,0,Non
MC-3650,0,Non
MC-3651,0,Non
MC-3652,0,Non
MC-3653,0,Non
MC-3654,0,Non
MC-3655,0,Non
MC-3656,0,Non
MC-3657,0,Non
MC-3658,0,Non
MC-3659,0,Non
MC-3660,0,Non
MC-3661,0,Non
MC-3662,0,Non
MC-3663,0,Non
MC-3664,0,Non
MC-3665,0,Non
MC-3666,0,Non
MC-3667,0,Non
MC-3668,0,Non
MC-3669,0,Non
MC-3670,0,Non
MC-3671,0,Non
MC-3672,0,Non
MC-3673,0,Non
MC-3674,0,Non
MC-3675,0,Non
MC-3676,0,Non
MC-3677,0,Non
MC-3678,0,Non
MC-3679,0,Non
MC-3680,0,Non
MC-3681,0,Non
MC-3682,0,Non
MC-3683,0,Non
MC-3684,0,Non
MC-3685,0,Non
MC-3686,0,Non
MC-3687,0,Non
MC-3688,0,Non
MC-3689,0,Non
MC-3690,0,Non
MC-3691,0,Non
MC-3692,0,Non
MC-3693,0,Non
MC-3694,0,Non
MC-3695,0,Non
MC-3696,0,Non
MC-3697,0,Non
MC-3698,0,Non
MC-3699,0,Non
MC-3700,0.5,Semi
MC-3701,0.462,Semi
MC-3702,0.429,Semi
MC-3703,0.4,Semi
MC-3704,0.375,Semi
MC-3705,0.353,Semi
MC-3706,0.333,Semi
MC-3707,0.316,Semi
MC-3708,0.3,Semi
MC-3709,0.375,Semi
MC-3710,0.375,Semi
MC-3711,0.375,Semi
MC-3712,0.375,Semi
MC-3713,0.375,Semi
MC-3714,0.375,Semi
MC-3715,0.375,Semi
MC-3716,0.375,Semi
MC-3717,0.375,Semi
MC-3718,0.375,Semi
MC-3719,0.375,Semi
MC-3720,0.375,Semi
MC-3721,0.375,Semi
MC-3722,0.25,Non
MC-3723,0.25,Non
MC-3724,0.25,Non
MC-3725,0.375,Semi
MC-3726,0.375,Semi
MC-3727,0.25,Non
MC-3728,0.375,Semi
MC-3729,0.375,Semi
MC-3730,0.375,Semi
MC-3731,0.25,Non
MC-3732,0.25,Non
MC-3733,0.25,Non
MC-3734,0.25,Non
MC-3735,0.25,Non
MC-3736,0.125,Non
MC-3737,0.125,Non
MC-3738,0.125,Non
MC-3739,0.375,Semi
MC-3740,0.375,Semi
MC-3741,0.25,Non
MC-3742,0.375,Semi
MC-3743,0.375,Semi
MC-3744,0.375,Semi
MC-3745,0.375,Semi
MC-3746,0.25,Non
MC-3747,0.235,Non
MC-3748,0.235,Non
MC-3749,0.235,Non
MC-3750,0.235,Non
MC-3751,0.235,Non
MC-3752,0.235,Non
MC-3753,0.235,Non
MC-3754,0.235,Non
MC-3755,0.235,Non
MC-3756,0.235,Non
MC-3757,0.235,Non
MC-3758,0.235,Non
MC-3759,0.235,Non
MC-3760,0.235,Non
MC-3761,0.235,Non
MC-3762,0.118,Non
MC-3763,0.235,Non
MC-3764,0.118,Non
MC-3765,0.235,Non
MC-3766,0.235,Non
MC-3767,0.222,Non
MC-3768,0.333,Semi
MC-3769,0.333,Semi
MC-3770,0.333,Semi
MC-3771,0.333,Semi
MC-3772,0.333,Semi
MC-3773,0.333,Semi
MC-3774,0.333,Semi
MC-3775,0.333,Semi
MC-3776,0.333,Semi
MC-3777,0.333,Semi
MC-3778,0.333,Semi
MC-3779,0.333,Semi
MC-3780,0.333,Semi
MC-3781,0.333,Semi
MC-3782,0.333,Semi
MC-3783,0.333,Semi
MC-3784,0.333,Semi
MC-3785,0.333,Semi
MC-3786,0.333,Semi
MC-3787,0.333,Semi
MC-3788,0.308,Semi
MC-3789,0.333,Semi
MC-3790,0.308,Semi
MC-3791,0.308,Semi
MC-3792,0.333,Semi
MC-3793,0.667,Pep
MC-3794,0.667,Pep
MC-3795,0.667,Pep
MC-3796,0.667,Pep
MC-3797,0.667,Pep
MC-3798,0.571,Semi
MC-3799,0.333,Semi
MC-3800,0.333,Semi
MC-3801,0,Non
MC-3802,0,Non
MC-3803,0.333,Semi
MC-3804,0.333,Semi
MC-3805,0,Non
MC-3806,0,Non
MC-3807,0,Non
MC-3808,0.667,Pep
MC-3809,0.571,Semi
MC-3810,0.571,Semi
MC-3811,0.667,Pep
MC-3812,0.667,Pep
MC-3813,0.571,Semi
MC-3814,0.571,Semi
MC-3815,0,Non
MC-3816,0,Non
MC-3817,0,Non
MC-3818,0,Non
MC-3819,0,Non
MC-3820,0,Non
MC-3821,0,Non
MC-3822,0,Non
MC-3823,0,Non
MC-3824,0,Non
MC-3825,0,Non
MC-3826,0,Non
MC-3827,0,Non
MC-3828,0,Non
MC-3829,0,Non
MC-3830,0,Non
MC-3831,0,Non
MC-3832,0,Non
MC-3833,0,Non
MC-3834,0,Non
MC-3835,0,Non
MC-3836,0.333,Semi
MC-3837,0.333,Semi
MC-3838,0.333,Semi
MC-3839,0.333,Semi
MC-3840,0.333,Semi
MC-3841,0.333,Semi
MC-3842,0.333,Semi
MC-3843,0.333,Semi
MC-3844,0.333,Semi
MC-3845,0.333,Semi
MC-3846,0.333,Semi
MC-3847,0.333,Semi
MC-3848,0.333,Semi
MC-3849,0.333,Semi
MC-3850,0.333,Semi
MC-3851,0.333,Semi
MC-3852,0.333,Semi
MC-3853,0.333,Semi
MC-3854,0.333,Semi
MC-3855,0.333,Semi
MC-3856,0,Non
MC-3857,0,Non
MC-3858,0,Non
MC-3859,0,Non
MC-3860,0,Non
MC-3861,0,Non
MC-3862,0,Non
MC-3863,0,Non
MC-3864,0,Non
MC-3865,0,Non
MC-3866,0,Non
MC-3867,0,Non
MC-3868,0,Non
MC-3869,0,Non
MC-3870,0,Non
MC-3871,0,Non
MC-3872,0,Non
MC-3873,0,Non
MC-3874,0,Non
MC-3875,0,Non
MC-3876,0,Non
MC-3877,0,Non
MC-3878,0,Non
MC-3879,0,Non
MC-3880,0,Non
MC-3881,0,Non
MC-3882,0,Non
MC-3883,0,Non
MC-3884,0,Non
MC-3885,0,Non
MC-3886,0,Non
MC-3887,0,Non
MC-3888,0,Non
MC-3889,0,Non
MC-3890,0,Non
MC-3891,0,Non
MC-3892,0,Non
MC-3893,0,Non
MC-3894,0,Non
MC-3895,0,Non
MC-3896,0,Non
MC-3897,0,Non
MC-3898,0,Non
MC-3899,0,Non
MC-3900,0,Non
MC-3901,0,Non
MC-3902,0,Non
MC-3903,0,Non
MC-3904,0,Non
MC-3905,0,Non
MC-3906,0,Non
MC-3907,0,Non
MC-3908,0,Non
MC-3909,0,Non
MC-3910,0,Non
MC-3911,0,Non
MC-3912,0.615,Pep
MC-3913,0.323,Semi
MC-3914,0,Non
MC-3915,0.526,Semi
MC-3916,0,Non
MC-3917,0.316,Semi
MC-3918,0,Non
MC-3919,0,Non
MC-3920,0.333,Semi
MC-3921,0.333,Semi
MC-3922,0.333,Semi
MC-3923,0.333,Semi
MC-3924,0.333,Semi
MC-3925,0,Non
MC-3926,0.5,Semi
MC-3927,0,Non
MC-3928,0.4,Semi
MC-3929,0,Non
MC-3930,0,Non
MC-3931,0.444,Semi
MC-3932,0.444,Semi
MC-3933,0.444,Semi
MC-3934,0.444,Semi
MC-3935,0.444,Semi
MC-3936,0.444,Semi
MC-3937,0.444,Semi
MC-3938,0.444,Semi
MC-3939,0.444,Semi
MC-3940,0.444,Semi
MC-3941,0.444,Semi
MC-3942,0.333,Semi
MC-3943,0.111,Non
MC-3944,0.333,Semi
MC-3945,0,Non
MC-3946,0,Non
MC-3947,0,Non
MC-3948,0,Non
MC-3949,0.25,Non
MC-3950,0,Non
MC-3951,0,Non
MC-3952,0.083,Non
MC-3953,0.083,Non
MC-3954,0.083,Non
MC-3955,0,Non
MC-3956,0,Non
MC-3957,0.083,Non
MC-3958,0.222,Non
MC-3959,0.222,Non
MC-3960,0.222,Non
MC-3961,0.222,Non
MC-3962,0.222,Non
MC-3963,0.222,Non
MC-3964,0.143,Non
MC-3965,0.143,Non
MC-3966,0.143,Non
MC-3967,0.143,Non
MC-3968,0.143,Non
MC-3969,0.143,Non
MC-3970,0.286,Non
MC-3971,0.286,Non
MC-3972,0.143,Non
MC-3973,0.286,Non
MC-3974,0.286,Non
MC-3975,0.286,Non
MC-3976,0.286,Non
MC-3977,0.4,Semi
MC-3978,0.4,Semi
MC-3979,0,Non
MC-3980,0.533,Semi
MC-3981,0.533,Semi
MC-3982,0.303,Semi
MC-3983,0.125,Non
MC-3984,0.267,Non
MC-3985,0.267,Non
MC-3986,0.267,Non
MC-3987,0.435,Semi
MC-3988,0,Non
MC-3989,0.286,Non
MC-3990,0,Non
MC-3991,0,Non
MC-3992,0,Non
MC-3993,0,Non
MC-3994,0.455,Semi
MC-3995,0.435,Semi
MC-3996,0.417,Semi
MC-3997,0.667,Pep
MC-3998,0.091,Non
MC-3999,0.556,Semi
MC-4000,0.556,Semi
MC-4001,0.556,Semi
MC-4002,0.444,Semi
MC-4003,0.556,Semi
MC-4004,0.133,Non
MC-4005,0.435,Semi
MC-4006,0.476,Semi
MC-4007,0.4,Semi
MC-4008,0.222,Non
MC-4009,0.333,Semi
MC-4010,0.222,Non
MC-4011,0.222,Non
MC-4012,0.222,Non
MC-4013,0.222,Non
MC-4014,0.222,Non
MC-4015,0.222,Non
MC-4016,0.222,Non
MC-4017,0.222,Non
MC-4018,0.222,Non
MC-4019,0.222,Non
MC-4020,0.222,Non
MC-4021,0.333,Semi
MC-4022,0.222,Non
MC-4023,0,Non
MC-4024,0,Non
MC-4025,0,Non
MC-4026,0,Non
MC-4027,0,Non
MC-4028,0,Non
MC-4029,0,Non
MC-4030,0,Non
MC-4031,0,Non
MC-4032,0,Non
MC-4033,0,Non
MC-4034,0,Non
MC-4035,0,Non
MC-4036,0.667,Pep
MC-4037,0.667,Pep
MC-4038,0.667,Pep
MC-4039,0.556,Semi
MC-4040,0.111,Non
MC-4041,0.111,Non
MC-4042,0.556,Semi
MC-4043,0.222,Non
MC-4044,0.556,Semi
MC-4045,0.556,Semi
MC-4046,0.444,Semi
MC-4047,0.333,Semi
MC-4048,0.222,Non
MC-4049,0.556,Semi
MC-4050,0.556,Semi
MC-4051,0.571,Semi
MC-4052,0.571,Semi
MC-4053,0.571,Semi
MC-4054,0.571,Semi
MC-4055,0.556,Semi
MC-4056,0.556,Semi
MC-4057,0.556,Semi
MC-4058,0.556,Semi
MC-4059,0.556,Semi
MC-4060,0.556,Semi
MC-4061,0.556,Semi
MC-4062,0.333,Semi
MC-4063,0.222,Non
MC-4064,0.556,Semi
MC-4065,0.556,Semi
MC-4066,0.444,Semi
MC-4067,0.556,Semi
MC-4068,0.556,Semi
MC-4069,0.556,Semi
MC-4070,0.556,Semi
MC-4071,0.556,Semi
MC-4072,0.556,Semi
MC-4073,0.667,Pep
MC-4074,0.556,Semi
MC-4075,0.556,Semi
MC-4076,0.556,Semi
MC-4077,0.222,Non
MC-4078,0.333,Semi
MC-4079,0.333,Semi
MC-4080,0.333,Semi
MC-4081,0.333,Semi
MC-4082,0.333,Semi
MC-4083,0.333,Semi
MC-4084,0.333,Semi
MC-4085,0.444,Semi
MC-4086,0.556,Semi
MC-4087,0.444,Semi
MC-4088,0.556,Semi
MC-4089,0.667,Pep
MC-4090,0.667,Pep
MC-4091,0.667,Pep
MC-4092,0.667,Pep
MC-4093,0.667,Pep
MC-4094,0.556,Semi
MC-4095,0.444,Semi
MC-4096,0.556,Semi
MC-4097,0.444,Semi
MC-4098,0.556,Semi
MC-4099,0.444,Semi
MC-4100,0.556,Semi
MC-4101,0.556,Semi
MC-4102,0.444,Semi
MC-4103,0.444,Semi
MC-4104,0.444,Semi
MC-4105,0.333,Semi
MC-4106,0.333,Semi
MC-4107,0.333,Semi
MC-4108,0.333,Semi
MC-4109,0.333,Semi
MC-4110,0.333,Semi
MC-4111,0.222,Non
MC-4112,0.222,Non
MC-4113,0.333,Semi
MC-4114,0.111,Non
MC-4115,0.182,Non
MC-4116,0.182,Non
MC-4117,0.182,Non
MC-4118,0.182,Non
MC-4119,0.182,Non
MC-4120,0.182,Non
MC-4121,0.182,Non
MC-4122,0.273,Non
MC-4123,0.182,Non
MC-4124,0.182,Non
MC-4125,0.182,Non
MC-4126,0.182,Non
MC-4127,0.182,Non
MC-4128,0.182,Non
MC-4129,0.381,Semi
MC-4130,0.381,Semi
MC-4131,0.381,Semi
MC-4132,0.381,Semi
MC-4133,0.381,Semi
MC-4134,0.381,Semi
MC-4135,0.381,Semi
MC-4136,0.286,Non
MC-4137,0.286,Non
MC-4138,0.286,Non
MC-4139,0.286,Non
MC-4140,0.381,Semi
MC-4141,0.381,Semi
MC-4142,0.381,Semi
MC-4143,0.286,Non
MC-4144,0.286,Non
MC-4145,0.286,Non
MC-4146,0.435,Semi
MC-4147,0.435,Semi
MC-4148,0.486,Semi
MC-4149,0.1,Non
MC-4150,0.1,Non
MC-4151,0.1,Non
MC-4152,0.143,Non
MC-4153,0.125,Non
MC-4154,0.125,Non
MC-4155,0.143,Non
MC-4156,0.125,Non
MC-4157,0.125,Non
MC-4158,0.125,Non
MC-4159,0.125,Non
MC-4160,0.125,Non
MC-4161,0.125,Non
MC-4162,0.444,Semi
MC-4163,0.125,Non
MC-4164,0.125,Non
MC-4165,0.143,Non
MC-4166,0.455,Semi
MC-4167,0.455,Semi
MC-4168,0.455,Semi
MC-4169,0.364,Semi
MC-4170,0.273,Non
MC-4171,0.125,Non
MC-4172,0.125,Non
MC-4173,0.143,Non
MC-4174,0.125,Non
MC-4175,0.667,Pep
MC-4176,0.133,Non
MC-4177,0.125,Non
MC-4178,0.5,Semi
MC-4179,0.125,Non
MC-4180,0.125,Non
MC-4181,0.125,Non
MC-4182,0.125,Non
MC-4183,0.125,Non
MC-4184,0,Non
MC-4185,0,Non
MC-4186,0.444,Semi
MC-4187,0.333,Semi
MC-4188,0.444,Semi
MC-4189,0,Non
MC-4190,0.125,Non
MC-4191,0.476,Semi
MC-4192,0.444,Semi
MC-4193,0.444,Semi
MC-4194,0,Non
MC-4195,0,Non
MC-4196,0,Non
MC-4197,0,Non
MC-4198,0.444,Semi
MC-4199,0.444,Semi
MC-4200,0,Non
MC-4201,0.444,Semi
MC-4202,0.222,Non
MC-4203,0.125,Non
MC-4204,0.444,Semi
MC-4205,0.444,Semi
MC-4206,0.125,Non
MC-4207,0.5,Semi
MC-4208,0.444,Semi
MC-4209,0.486,Semi
MC-4210,0.444,Semi
MC-4211,0,Non
MC-4212,0.444,Semi
MC-4213,0.444,Semi
MC-4214,0,Non
MC-4215,0.444,Semi
MC-4216,0.444,Semi
MC-4217,0,Non
MC-4218,0.444,Semi
MC-4219,0.444,Semi
MC-4220,0.444,Semi
MC-4221,0.231,Non
MC-4222,0.154,Non
MC-4223,0.25,Non
MC-4224,0.148,Non
MC-4225,0.154,Non
MC-4226,0.154,Non
MC-4227,0.154,Non
MC-4228,0.556,Semi
MC-4229,0.133,Non
MC-4230,0.133,Non
MC-4231,0.133,Non
MC-4232,0.133,Non
MC-4233,0.133,Non
MC-4234,0.133,Non
MC-4235,0.667,Pep
MC-4236,0.667,Pep
MC-4237,0.667,Pep
MC-4238,0.667,Pep
MC-4239,0.667,Pep
MC-4240,0,Non
MC-4241,0.455,Semi
MC-4242,0.182,Non
MC-4243,0.154,Non
MC-4244,0.154,Non
MC-4245,0.435,Semi
MC-4246,0.533,Semi
MC-4247,0.143,Non
MC-4248,0.4,Semi
MC-4249,0.364,Semi
MC-4250,0.556,Semi
MC-4251,0.381,Semi
MC-4252,0.143,Non
MC-4253,0.242,Non
MC-4254,0.4,Semi
MC-4255,0.556,Semi
MC-4256,0.133,Non
MC-4257,0.556,Semi
MC-4258,0.556,Semi
MC-4259,0.143,Non
MC-4260,0.333,Semi
MC-4261,0.556,Semi
MC-4262,0.381,Semi
MC-4263,0.143,Non
MC-4264,0.556,Semi
MC-4265,0.143,Non
MC-4266,0.154,Non
MC-4267,0.4,Semi
MC-4268,0.143,Non
MC-4269,0.143,Non
MC-4270,0.286,Non
MC-4271,0.533,Semi
MC-4272,0.143,Non
MC-4273,0.353,Semi
MC-4274,0.444,Semi
MC-4275,0.286,Non
MC-4276,0.556,Semi
MC-4277,0.444,Semi
MC-4278,0.4,Semi
MC-4279,0.286,Non
MC-4280,0.286,Non
MC-4281,0.286,Non
MC-4282,0.303,Semi
MC-4283,0.286,Non
MC-4284,0.143,Non
MC-4285,0,Non
MC-4286,0.381,Semi
MC-4287,0.143,Non
MC-4288,0.143,Non
MC-4289,0.4,Semi
MC-4290,0.143,Non
MC-4291,0.556,Semi
MC-4292,0.143,Non
MC-4293,0,Non
MC-4294,0.143,Non
MC-4295,0.286,Non
MC-4296,0.143,Non
MC-4297,0.333,Semi
MC-4298,0.143,Non
MC-4299,0.333,Semi
MC-4300,0.242,Non
MC-4301,0.556,Semi
MC-4302,0.4,Semi
MC-4303,0.4,Semi
MC-4304,0.143,Non
MC-4305,0.143,Non
MC-4306,0.143,Non
MC-4307,0,Non
MC-4308,0.143,Non
MC-4309,0.125,Non
MC-4310,0.125,Non
MC-4311,0,Non
MC-4312,0.125,Non
MC-4313,0.125,Non
MC-4314,0.125,Non
MC-4315,0.125,Non
MC-4316,0.125,Non
MC-4317,0,Non
MC-4318,0.125,Non
MC-4319,0.125,Non
MC-4320,0,Non
MC-4321,0,Non
MC-4322,0,Non
MC-4323,0.421,Semi
MC-4324,0.125,Non
MC-4325,0.4,Semi
MC-4326,0.533,Semi
MC-4327,0.533,Semi
MC-4328,0.143,Non
MC-4329,0.143,Non
MC-4330,0.143,Non
MC-4331,0.4,Semi
MC-4332,0.286,Non
MC-4333,0.286,Non
MC-4334,0.235,Non
MC-4335,0.154,Non
MC-4336,0.143,Non
MC-4337,0.4,Semi
MC-4338,0.25,Non
MC-4339,0.533,Semi
MC-4340,0.235,Non
MC-4341,0.4,Semi
MC-4342,0.4,Semi
MC-4343,0.25,Non
MC-4344,0.533,Semi
MC-4345,0.4,Semi
MC-4346,0.143,Non
MC-4347,0.154,Non
MC-4348,0.4,Semi
MC-4349,0.25,Non
MC-4350,0.235,Non
MC-4351,0.4,Semi
MC-4352,0.4,Semi
MC-4353,0.4,Semi
MC-4354,0.533,Semi
MC-4355,0.4,Semi
MC-4356,0,Non
MC-4357,0.4,Semi
MC-4358,0.533,Semi
MC-4359,0.4,Semi
MC-4360,0.4,Semi
MC-4361,0.4,Semi
MC-4362,0.235,Non
MC-4363,0.154,Non
MC-4364,0.235,Non
MC-4365,0.556,Semi
MC-4366,0.556,Semi
MC-4367,0.556,Semi
MC-4368,0.556,Semi
MC-4369,0.25,Non
MC-4370,0.556,Semi
MC-4371,0.556,Semi
MC-4372,0.25,Non
MC-4373,0.556,Semi
MC-4374,0.25,Non
MC-4375,0.25,Non
MC-4376,0.556,Semi
MC-4377,0.556,Semi
MC-4378,0.556,Semi
MC-4379,0.25,Non
MC-4380,0.25,Non
MC-4381,0.087,Non
MC-4382,0.25,Non
MC-4383,0.25,Non
MC-4384,0.556,Semi
MC-4385,0.556,Semi
MC-4386,0.25,Non
MC-4387,0.556,Semi
MC-4388,0.083,Non
MC-4389,0.556,Semi
MC-4390,0.25,Non
MC-4391,0.556,Semi
MC-4392,0.25,Non
MC-4393,0.25,Non
MC-4394,0.556,Semi
MC-4395,0.25,Non
MC-4396,0.25,Non
MC-4397,0.25,Non
MC-4398,0.25,Non
MC-4399,0.25,Non
MC-4400,0.556,Semi
MC-4401,0.25,Non
MC-4402,0.556,Semi
MC-4403,0.556,Semi
MC-4404,0.25,Non
MC-4405,0.556,Semi
MC-4406,0.25,Non
MC-4407,0.556,Semi
MC-4408,0.556,Semi
MC-4409,0.556,Semi
MC-4410,0.25,Non
MC-4411,0.143,Non
MC-4412,0.125,Non
MC-4413,0.125,Non
MC-4414,0.125,Non
MC-4415,0.125,Non
MC-4416,0.381,Semi
MC-4417,0.125,Non
MC-4418,0.125,Non
MC-4419,0.125,Non
MC-4420,0.125,Non
MC-4421,0.125,Non
MC-4422,0.125,Non
MC-4423,0.125,Non
MC-4424,0.125,Non
MC-4425,0.125,Non
MC-4426,0.125,Non
MC-4427,0.125,Non
MC-4428,0.125,Non
MC-4429,0.125,Non
MC-4430,0.125,Non
MC-4431,0.125,Non
MC-4432,0.286,Non
MC-4433,0.125,Non
MC-4434,0.222,Non
MC-4435,0.333,Semi
MC-4436,0.167,Non
MC-4437,0.222,Non
MC-4438,0.333,Semi
MC-4439,0.333,Semi
MC-4440,0.333,Semi
MC-4441,0.222,Non
MC-4442,0.222,Non
MC-4443,0.333,Semi
MC-4444,0.444,Semi
MC-4445,0.444,Semi
MC-4446,0,Non
MC-4447,0,Non
MC-4448,0.133,Non
MC-4449,0.133,Non
MC-4450,0.273,Non
MC-4451,0.333,Semi
MC-4452,0.167,Non
MC-4453,0.167,Non
MC-4454,0.222,Non
MC-4455,0.476,Semi
MC-4456,0.348,Semi
MC-4457,0,Non
MC-4458,0.133,Non
MC-4459,0.133,Non
MC-4460,0.125,Non
MC-4461,0.143,Non
MC-4462,0.133,Non
MC-4463,0.133,Non
MC-4464,0.133,Non
MC-4465,0,Non
MC-4466,0,Non
MC-4467,0.267,Non
MC-4468,0.267,Non
MC-4469,0.267,Non
MC-4470,0.133,Non
MC-4471,0.133,Non
MC-4472,0.444,Semi
MC-4473,0,Non
MC-4474,0,Non
MC-4475,0,Non
MC-4476,0,Non
MC-4477,0.133,Non
MC-4478,0,Non
MC-4479,0.182,Non
MC-4480,0.133,Non
MC-4481,0.286,Non
MC-4482,0.267,Non
MC-4483,0.267,Non
MC-4484,0,Non
MC-4485,0,Non
MC-4486,0,Non
MC-4487,0.167,Non
MC-4488,0.167,Non
MC-4489,0.167,Non
MC-4490,0.167,Non
MC-4491,0.167,Non
MC-4492,0.167,Non
MC-4493,0.167,Non
MC-4494,0.167,Non
MC-4495,0.167,Non
MC-4496,0.167,Non
MC-4497,0.167,Non
MC-4498,0.154,Non
MC-4499,0.154,Non
MC-4500,0.154,Non
MC-4501,0.154,Non
MC-4502,0.154,Non
MC-4503,0.154,Non
MC-4504,0.154,Non
MC-4505,0.167,Non
MC-4506,0.167,Non
MC-4507,0.154,Non
MC-4508,0.235,Non
MC-4509,0.267,Non
MC-4510,0.286,Non
MC-4511,0.5,Semi
MC-4512,0.267,Non
MC-4513,0.267,Non
MC-4514,0.286,Non
MC-4515,0.267,Non
MC-4516,0.267,Non
MC-4517,0.267,Non
MC-4518,0.267,Non
MC-4519,0.267,Non
MC-4520,0.267,Non
MC-4521,0.267,Non
MC-4522,0.267,Non
MC-4523,0.143,Non
MC-4524,0,Non
MC-4525,0.077,Non
MC-4526,0.5,Semi
MC-4527,0.5,Semi
MC-4528,0.167,Non
MC-4529,0,Non
MC-4530,0.267,Non
MC-4531,0,Non
MC-4532,0,Non
MC-4533,0.125,Non
MC-4534,0.125,Non
MC-4535,0.125,Non
MC-4536,0.125,Non
MC-4537,0.125,Non
MC-4538,0.125,Non
MC-4539,0.125,Non
MC-4540,0.25,Non
MC-4541,0.111,Non
MC-4542,0.667,Pep
MC-4543,0.609,Pep
MC-4544,0.667,Pep
MC-4545,0.667,Pep
MC-4546,0.556,Semi
MC-4547,0.143,Non
MC-4548,0.267,Non
MC-4549,0.25,Non
MC-4550,0,Non
MC-4551,0,Non
MC-4552,0,Non
MC-4553,0.609,Pep
MC-4554,0.556,Semi
MC-4555,0.143,Non
MC-4556,0.125,Non
MC-4557,0.125,Non
MC-4558,0.125,Non
MC-4559,0.125,Non
MC-4560,0,Non
MC-4561,0,Non
MC-4562,0,Non
MC-4563,0,Non
MC-4564,0,Non
MC-4565,0,Non
MC-4566,0,Non
MC-4567,0,Non
MC-4568,0.125,Non
MC-4569,0.32,Semi
MC-4570,0,Non
MC-4571,0,Non
MC-4572,0,Non
MC-4573,0,Non
MC-4574,0,Non
MC-4575,0,Non
MC-4576,0,Non
MC-4577,0,Non
MC-4578,0,Non
MC-4579,0,Non
MC-4580,0,Non
MC-4581,0,Non
MC-4582,0,Non
MC-4583,0,Non
MC-4584,0,Non
MC-4585,0,Non
MC-4586,0,Non
MC-4587,0,Non
MC-4588,0,Non
MC-4589,0,Non
MC-4590,0,Non
MC-4591,0,Non
MC-4592,0.571,Semi
MC-4593,0.286,Non
MC-4594,0.381,Semi
MC-4595,0.571,Semi
MC-4596,0.381,Semi
MC-4597,0.381,Semi
MC-4598,0.286,Non
MC-4599,0.381,Semi
MC-4600,0.476,Semi
MC-4601,0.476,Semi
MC-4602,0.19,Non
MC-4603,0.476,Semi
MC-4604,0.381,Semi
MC-4605,0.476,Semi
MC-4606,0.19,Non
MC-4607,0.476,Semi
MC-4608,0.19,Non
MC-4609,0.476,Semi
MC-4610,0.19,Non
MC-4611,0.5,Semi
MC-4612,0.333,Semi
MC-4613,0.25,Non
MC-4614,0.25,Non
MC-4615,0.296,Non